OrderID,CustomerID,CompanyName,OrderTotal,TotalQuantity,AvgProductPrice,RecentOrderCount,PriceVariation,OrderDate,CustomerCountry,HighRiskFlag,DuplicateOrderCount,FirstOrderDate,LastOrderDate,CustomerRiskLevel,PriceVariations,MinPrice,MaxPrice
10865,QUICK,QUICK-Stop,17250,140,140.75,8,245.5,1900-01-00,Germany,3,28,1900-01-00,1900-01-00,High Risk,2,18,263.5
11030,SAVEA,Save-a-lot Markets,16321.9,330,54.785,8,104.79,1900-01-00,USA,3,31,1900-01-00,1900-01-00,High Risk,4,19,123.79
10981,HANAR,Hanari Carnes,15810,60,263.5,8,0,1900-01-00,Brazil,3,14,1900-01-00,1900-01-00,High Risk,0,263.5,263.5
10372,QUEEN,Queen Cozinha,12281.2,164,82.65,1,183.6,1900-01-00,Brazil,3,13,1900-01-00,1900-01-00,High Risk,4,27.2,210.8
10424,MEREP,Mère Paillarde,11493.2,139,78.4,4,200.8,1900-01-00,Canada,3,13,1900-01-00,1900-01-00,High Risk,3,10,210.8
10817,KOENE,Königlich Essen,11490.7,155,90.6075,8,245.1,1900-01-00,Germany,3,14,1900-01-00,1900-01-00,High Risk,4,18.4,263.5
10889,RATTC,Rattlesnake Canyon Grocery,11380,80,142.25,8,242.5,1900-01-00,USA,3,18,1900-01-00,1900-01-00,High Risk,2,21,263.5
10417,SIMOB,Simons bistro,11283.2,123,60.2,2,201.2,1900-01-00,Denmark,3,7,1900-01-00,1900-01-00,High Risk,4,9.6,210.8
10897,HUNGO,Hungry Owl All-Night Grocers,10835.24,116,74.84,8,97.9,1900-01-00,Ireland,3,19,1900-01-00,1900-01-00,High Risk,2,25.89,123.79
10353,PICCO,Piccolo und mehr,10741.6,62,113.8,1,194,1900-01-00,Austria,3,10,1900-01-00,1900-01-00,High Risk,2,16.8,210.8
10515,QUICK,QUICK-Stop,10588.5,286,38.97,8,94.5,1900-01-00,Germany,3,28,1900-01-00,1900-01-00,High Risk,5,2.5,97
10479,RATTC,Rattlesnake Canyon Grocery,10495.6,148,76.9,8,184.6,1900-01-00,USA,3,18,1900-01-00,1900-01-00,High Risk,4,26.2,210.8
10540,QUICK,QUICK-Stop,10191.7,165,79.3075,8,253.5,1900-01-00,Germany,3,28,1900-01-00,1900-01-00,High Risk,4,10,263.5
10691,QUICK,QUICK-Stop,10164.8,182,51.308,8,105.79,1900-01-00,Germany,3,28,1900-01-00,1900-01-00,High Risk,5,18,123.79
11032,WHITC,White Clover Markets,8902.5,90,112.5,8,244.5,1900-01-00,USA,2,14,1900-01-00,1900-01-00,High Risk,3,19,263.5
10816,GREAL,Great Lakes Food Market,8891,50,156.4,7,214.2,1900-01-00,USA,2,11,1900-01-00,1900-01-00,High Risk,2,49.3,263.5
10514,ERNSH,Ernst Handel,8623.45,233,38.68,8,73.25,1900-01-00,Austria,2,30,1900-01-00,1900-01-00,High Risk,5,7.75,81
10912,HUNGO,Hungry Owl All-Night Grocers,8267.4,100,72.395,8,102.79,1900-01-00,Ireland,2,19,1900-01-00,1900-01-00,High Risk,2,21,123.79
10360,BLONP,Blondesddsl père et fils,7390.2,138,73.62,3,204.9,1900-01-00,France,2,11,1900-01-00,1900-01-00,High Risk,5,5.9,210.8
10776,ERNSH,Ernst Handel,6984.5,175,22.25,8,43.5,1900-01-00,Austria,2,30,1900-01-00,1900-01-00,High Risk,4,9.5,53
11021,QUICK,QUICK-Stop,6941.49,168,43.806,8,62,1900-01-00,Germany,2,28,1900-01-00,1900-01-00,High Risk,5,19,81
11017,ERNSH,Ernst Handel,6750,165,26.6666,8,45,1900-01-00,Austria,2,30,1900-01-00,1900-01-00,High Risk,3,10,55
10993,FOLKO,Folk och fä HB,6527.25,85,66.72,8,114.14,1900-01-00,Sweden,2,19,1900-01-00,1900-01-00,High Risk,2,9.65,123.79
10633,ERNSH,Ernst Handel,6483.05,164,31.1325,8,43.3,1900-01-00,Austria,2,30,1900-01-00,1900-01-00,High Risk,4,6,49.3
10607,SAVEA,Save-a-lot Markets,6475.4,213,24.94,8,36.5,1900-01-00,USA,2,31,1900-01-00,1900-01-00,High Risk,5,2.5,39
10895,ERNSH,Ernst Handel,6379.4,346,18.725,8,29.5,1900-01-00,Austria,2,30,1900-01-00,1900-01-00,High Risk,4,4.5,34
10612,SAVEA,Save-a-lot Markets,6375,263,24.4,8,16,1900-01-00,USA,2,31,1900-01-00,1900-01-00,High Risk,5,18,34
10595,ERNSH,Ernst Handel,6300,215,27.5,8,18,1900-01-00,Austria,2,30,1900-01-00,1900-01-00,High Risk,3,18,36
10687,HUNGO,Hungry Owl All-Night Grocers,6201.9,66,79.93,8,104.79,1900-01-00,Ireland,2,19,1900-01-00,1900-01-00,High Risk,3,19,123.79
10847,SAVEA,Save-a-lot Markets,6164.9,288,19.7,8,24.8,1900-01-00,USA,2,31,1900-01-00,1900-01-00,High Risk,6,9.2,34
10324,SAVEA,Save-a-lot Markets,6155.9,241,23.4,1,34.4,1900-01-00,USA,2,31,1900-01-00,1900-01-00,High Risk,5,9.6,44
10430,ERNSH,Ernst Handel,5796,195,28.4,8,36,1900-01-00,Austria,2,30,1900-01-00,1900-01-00,High Risk,4,8,44
10440,SAVEA,Save-a-lot Markets,5793.1,208,37.725,4,85.1,1900-01-00,USA,2,31,1900-01-00,1900-01-00,High Risk,4,13.9,99
10351,ERNSH,Ernst Handel,5677.6,120,62.7,3,203.1,1900-01-00,Austria,2,30,1900-01-00,1900-01-00,High Risk,4,7.7,210.8
10893,KOENE,Königlich Essen,5502.11,119,42.636,8,119.29,1900-01-00,Germany,2,14,1900-01-00,1900-01-00,High Risk,5,4.5,123.79
10678,SAVEA,Save-a-lot Markets,5256.5,280,14.4,8,35.5,1900-01-00,USA,2,31,1900-01-00,1900-01-00,High Risk,4,2.5,38
11072,ERNSH,Ernst Handel,5218,200,19.5375,8,23.6,1900-01-00,Austria,2,30,1900-01-00,1900-01-00,High Risk,4,9.65,33.25
10616,GREAL,Great Lakes Food Market,5032,59,84.5,3,248.5,1900-01-00,USA,2,11,1900-01-00,1900-01-00,High Risk,4,15,263.5
10634,FOLIG,Folies gourmandes,4985.5,102,38.3125,3,54.75,1900-01-00,France,2,5,1900-01-00,1900-01-00,High Risk,4,7.75,62.5
10990,ERNSH,Ernst Handel,4931,256,19.125,8,18.5,1900-01-00,Austria,2,30,1900-01-00,1900-01-00,High Risk,4,10,28.5
11008,ERNSH,Ernst Handel,4903.5,181,27.0333,8,31.6,1900-01-00,Austria,2,30,1900-01-00,1900-01-00,High Risk,3,14,45.6
10694,QUICK,QUICK-Stop,4825,165,33.3333,8,40,1900-01-00,Germany,2,28,1900-01-00,1900-01-00,High Risk,3,15,55
10329,SPLIR,Split Rail Beer & Ale,4819.4,50,67.3,2,203.5,1900-01-00,USA,2,9,1900-01-00,1900-01-00,High Risk,4,7.3,210.8
10979,ERNSH,Ernst Handel,4813.5,207,28.8,8,39.4,1900-01-00,Austria,2,30,1900-01-00,1900-01-00,High Risk,5,4.5,43.9
10941,SAVEA,Save-a-lot Markets,4769,204,27.275,8,36.8,1900-01-00,USA,2,31,1900-01-00,1900-01-00,High Risk,3,12.5,49.3
10510,SAVEA,Save-a-lot Markets,4735.44,72,65.77,6,116.04,1900-01-00,USA,2,31,1900-01-00,1900-01-00,High Risk,2,7.75,123.79
11064,SAVEA,Save-a-lot Markets,4722.3,173,23.59,8,29.35,1900-01-00,USA,2,31,1900-01-00,1900-01-00,High Risk,5,9.65,39
10836,ERNSH,Ernst Handel,4705.5,172,25.15,8,16,1900-01-00,Austria,2,30,1900-01-00,1900-01-00,High Risk,5,18,34
10953,AROUT,Around the Horn,4675,100,46.75,8,68.5,1900-01-00,UK,2,13,1900-01-00,1900-01-00,High Risk,2,12.5,81
10658,QUICK,QUICK-Stop,4668,255,18.85,8,24,1900-01-00,Germany,2,28,1900-01-00,1900-01-00,High Risk,4,10,34
10666,RICSU,Richter Supermarkt,4666.94,46,72.42,4,102.74,1900-01-00,Switzerland,2,10,1900-01-00,1900-01-00,High Risk,2,21.05,123.79
10841,SUPRD,Suprêmes délices,4581,111,34.25,7,42,1900-01-00,Belgium,2,12,1900-01-00,1900-01-00,High Risk,4,13,55
10745,QUICK,QUICK-Stop,4529.8,92,42.9375,8,43.05,1900-01-00,Germany,2,28,1900-01-00,1900-01-00,High Risk,4,19.45,62.5
10711,SAVEA,Save-a-lot Markets,4451.7,174,17.2166,8,23.6,1900-01-00,USA,2,31,1900-01-00,1900-01-00,High Risk,3,9.2,32.8
10949,BOTTM,Bottom-Dollar Markets,4422,108,36.075,8,24.3,1900-01-00,Canada,2,14,1900-01-00,1900-01-00,High Risk,4,25,49.3
10657,SAVEA,Save-a-lot Markets,4371.6,204,19.775,8,28.5,1900-01-00,USA,2,31,1900-01-00,1900-01-00,High Risk,6,9.5,38
10762,FOLKO,Folk och fä HB,4337,134,29.625,8,43.5,1900-01-00,Sweden,2,19,1900-01-00,1900-01-00,High Risk,4,9.5,53
10605,MEREP,Mère Paillarde,4326,135,31.9875,8,37.55,1900-01-00,Canada,2,13,1900-01-00,1900-01-00,High Risk,4,17.45,55
10451,QUICK,QUICK-Stop,4277.4,238,18.25,8,16.2,1900-01-00,Germany,2,28,1900-01-00,1900-01-00,High Risk,4,10.4,26.6
10672,BERGS,Berglunds snabbköp,4210.5,27,142.5,8,242,1900-01-00,Sweden,2,18,1900-01-00,1900-01-00,High Risk,2,21.5,263.5
10549,QUICK,QUICK-Stop,4181.5,203,25,8,43.5,1900-01-00,Germany,2,28,1900-01-00,1900-01-00,High Risk,3,9.5,53
10530,PICCO,Piccolo und mehr,4180,135,32.875,5,28,1900-01-00,Austria,2,10,1900-01-00,1900-01-00,High Risk,4,18,46
10305,OLDWO,Old World Delicatessen,4157,80,54.4666,1,84.6,1900-01-00,USA,2,10,1900-01-00,1900-01-00,High Risk,3,14.4,99
10518,TORTU,Tortuga Restaurante,4150.05,29,95.8166,5,259,1900-01-00,Mexico,2,10,1900-01-00,1900-01-00,High Risk,3,4.5,263.5
10845,QUICK,QUICK-Stop,4059,245,17.5,8,24.25,1900-01-00,Germany,2,28,1900-01-00,1900-01-00,High Risk,5,9,33.25
10801,BOLID,Bólido Comidas preparadas,4035.8,60,81.395,2,84.79,1900-01-00,Spain,2,3,1900-01-00,1900-01-00,Low Risk,2,39,123.79
10267,FRANK,Frankenversand,4031,135,24.3666,1,29.6,1900-01-00,Germany,2,15,1900-01-00,1900-01-00,High Risk,3,14.4,44
10802,SIMOB,Simons bistro,3923.75,120,38.0475,6,29,1900-01-00,Denmark,2,7,1900-01-00,1900-01-00,High Risk,4,24,53
10588,QUICK,QUICK-Stop,3900,140,38.25,8,48.5,1900-01-00,Germany,2,28,1900-01-00,1900-01-00,High Risk,2,14,62.5
10458,SUPRD,Suprêmes délices,3891,145,29.14,3,19.6,1900-01-00,Belgium,2,12,1900-01-00,1900-01-00,High Risk,5,17.2,36.8
10401,RATTC,Rattlesnake Canyon Grocery,3868.6,168,21.275,7,13.6,1900-01-00,USA,2,18,1900-01-00,1900-01-00,High Risk,4,16.8,30.4
10988,RATTC,Rattlesnake Canyon Grocery,3772,100,39.65,8,19.3,1900-01-00,USA,2,18,1900-01-00,1900-01-00,High Risk,2,30,49.3
11056,EASTC,Eastern Connection,3740,125,29.3333,8,10,1900-01-00,UK,2,8,1900-01-00,1900-01-00,High Risk,3,24,34
10252,SUPRD,Suprêmes délices,3730,105,31.3333,1,62.8,1900-01-00,Belgium,2,12,1900-01-00,1900-01-00,High Risk,3,2,64.8
10789,FOLIG,Folies gourmandes,3687,93,34.225,5,50,1900-01-00,France,2,5,1900-01-00,1900-01-00,High Risk,4,12.5,62.5
10555,SAVEA,Save-a-lot Markets,3680.5,143,25.59,7,48.5,1900-01-00,USA,2,31,1900-01-00,1900-01-00,High Risk,5,4.5,53
11053,PICCO,Piccolo und mehr,3658.75,80,42.5833,8,30.5,1900-01-00,Austria,2,10,1900-01-00,1900-01-00,High Risk,3,32,62.5
10359,SEVES,Seven Seas Imports,3654.4,206,17.0333,1,17.2,1900-01-00,UK,2,9,1900-01-00,1900-01-00,High Risk,3,10,27.2
10938,QUICK,QUICK-Stop,3642.5,128,26.875,8,40,1900-01-00,Germany,2,28,1900-01-00,1900-01-00,High Risk,4,6,46
10772,LEHMS,Lehmanns Marktstand,3603.22,43,89.395,8,68.79,1900-01-00,Germany,2,15,1900-01-00,1900-01-00,High Risk,2,55,123.79
10698,ERNSH,Ernst Handel,3600.73,108,43.968,8,108.79,1900-01-00,Austria,2,30,1900-01-00,1900-01-00,High Risk,5,15,123.79
11033,RICSU,Richter Supermarkt,3592,106,34.4,8,3.2,1900-01-00,Switzerland,2,10,1900-01-00,1900-01-00,High Risk,2,32.8,36
10962,QUICK,QUICK-Stop,3584,195,24.56,8,30,1900-01-00,Germany,2,28,1900-01-00,1900-01-00,High Risk,5,6,36
10861,WHITC,White Clover Markets,3523.4,140,32.66,8,60,1900-01-00,USA,2,14,1900-01-00,1900-01-00,High Risk,5,2.5,62.5
10688,VAFFE,Vaffeljernet,3490,92,30.2,6,31.6,1900-01-00,Denmark,2,11,1900-01-00,1900-01-00,High Risk,3,14,45.6
10854,ERNSH,Ernst Handel,3490,165,18.5,8,25,1900-01-00,Austria,2,30,1900-01-00,1900-01-00,High Risk,2,6,31
10339,MEREP,Mère Paillarde,3463.2,108,29.4,2,21.8,1900-01-00,Canada,2,13,1900-01-00,1900-01-00,High Risk,3,17.6,39.4
10718,KOENE,Königlich Essen,3463,116,30.9375,8,31.85,1900-01-00,Germany,2,14,1900-01-00,1900-01-00,High Risk,4,17.45,49.3
10709,GOURL,Gourmet Lanchonetes,3424,78,42.3333,4,19,1900-01-00,Brazil,2,9,1900-01-00,1900-01-00,Medium Risk,3,34,53
10701,HUNGO,Hungry Owl All-Night Grocers,3370,97,31.5,8,37,1900-01-00,Ireland,2,19,1900-01-00,1900-01-00,High Risk,3,18,55
10760,MAISD,Maison Dewey,3304,82,34.6333,3,32,1900-01-00,Belgium,2,7,1900-01-00,1900-01-00,High Risk,3,14,46
10393,SAVEA,Save-a-lot Markets,3302.6,176,15.98,2,14.9,1900-01-00,USA,2,31,1900-01-00,1900-01-00,High Risk,5,10,24.9
10524,BERGS,Berglunds snabbköp,3192.65,87,27.585,6,38.55,1900-01-00,Sweden,0,18,1900-01-00,1900-01-00,High Risk,4,7.45,46
10490,HILAA,HILARION-Abastos,3163.2,126,20.0666,5,37.8,1900-01-00,Venezuela,0,18,1900-01-00,1900-01-00,High Risk,3,6.2,44
10886,HANAR,Hanari Carnes,3127.5,145,18.8333,8,18.5,1900-01-00,Brazil,2,14,1900-01-00,1900-01-00,High Risk,3,12.5,31
10298,HUNGO,Hungry Owl All-Night Grocers,3127,125,28.45,1,28.8,1900-01-00,Ireland,0,19,1900-01-00,1900-01-00,High Risk,3,15.2,44
10742,BOTTM,Bottom-Dollar Markets,3118,105,26.2666,6,24.8,1900-01-00,Canada,0,14,1900-01-00,1900-01-00,High Risk,3,10,34.8
10567,HUNGO,Hungry Owl All-Night Grocers,3109,103,40.1666,8,42.5,1900-01-00,Ireland,2,19,1900-01-00,1900-01-00,High Risk,3,12.5,55
10823,LILAS,LILA-Supermercado,3107.5,90,27.125,8,42,1900-01-00,Venezuela,2,14,1900-01-00,1900-01-00,High Risk,4,13,55
11039,LINOD,LINO-Delicateses,3090,132,25.775,8,27.6,1900-01-00,Venezuela,2,12,1900-01-00,1900-01-00,High Risk,4,18,45.6
10757,SAVEA,Save-a-lot Markets,3082,91,37.8875,8,41,1900-01-00,USA,2,31,1900-01-00,1900-01-00,High Risk,4,14,55
10400,EASTC,Eastern Connection,3063,86,43.1333,2,84.6,1900-01-00,UK,2,8,1900-01-00,1900-01-00,High Risk,3,14.4,99
10286,QUICK,QUICK-Stop,3016,140,26.9,3,25,1900-01-00,Germany,0,28,1900-01-00,1900-01-00,High Risk,2,14.4,39.4
10511,BONAP,Bon app',3000,110,30.6666,5,18,1900-01-00,France,0,17,1900-01-00,1900-01-00,High Risk,3,22,40
10852,RATTC,Rattlesnake Canyon Grocery,2984,71,35.7666,8,30.3,1900-01-00,USA,2,18,1900-01-00,1900-01-00,High Risk,3,19,49.3
11012,FRANK,Frankenversand,2974,146,21.5666,8,24.8,1900-01-00,Germany,2,15,1900-01-00,1900-01-00,High Risk,3,9.2,34
10714,SAVEA,Save-a-lot Markets,2941,137,23.75,8,29.5,1900-01-00,USA,2,31,1900-01-00,1900-01-00,High Risk,5,9.5,39
10345,QUICK,QUICK-Stop,2924.8,159,16.8333,5,24.7,1900-01-00,Germany,0,28,1900-01-00,1900-01-00,High Risk,3,7.3,32
10382,ERNSH,Ernst Handel,2900,165,35.2,5,97,1900-01-00,Austria,2,30,1900-01-00,1900-01-00,High Risk,5,2,99
10894,SAVEA,Save-a-lot Markets,2898,198,16.5833,8,30,1900-01-00,USA,2,31,1900-01-00,1900-01-00,High Risk,3,6,36
10637,QUEEN,Queen Cozinha,2896.25,95,25.0833,4,21.75,1900-01-00,Brazil,1,13,1900-01-00,1900-01-00,High Risk,3,16.25,38
10796,HILAA,HILARION-Abastos,2878.08,90,29.9825,8,16.55,1900-01-00,Venezuela,2,18,1900-01-00,1900-01-00,High Risk,4,19.45,36
10991,QUICK,QUICK-Stop,2870,160,17.3333,8,4,1900-01-00,Germany,2,28,1900-01-00,1900-01-00,High Risk,3,15,19
10344,WHITC,White Clover Markets,2856,105,24.8,2,14.4,1900-01-00,USA,0,14,1900-01-00,1900-01-00,High Risk,2,17.6,32
10561,FOLKO,Folk och fä HB,2844.5,60,36.225,7,33.55,1900-01-00,Sweden,0,19,1900-01-00,1900-01-00,High Risk,2,19.45,53
10316,RATTC,Rattlesnake Canyon Grocery,2835,80,23.55,5,31.7,1900-01-00,USA,0,18,1900-01-00,1900-01-00,High Risk,2,7.7,39.4
10713,SAVEA,Save-a-lot Markets,2827.9,182,20.9325,8,21.73,1900-01-00,USA,2,31,1900-01-00,1900-01-00,High Risk,4,9.5,31.23
10546,VICTE,Victuailles en stock,2812,80,32.4333,6,31.3,1900-01-00,France,0,10,1900-01-00,1900-01-00,Medium Risk,3,18,49.3
10629,GODOS,Godos Cocina Típica,2775.05,29,78.52,3,90.54,1900-01-00,Spain,2,10,1900-01-00,1900-01-00,High Risk,2,33.25,123.79
10805,THEBI,The Big Cheese,2775,20,138.75,3,249.5,1900-01-00,USA,2,4,1900-01-00,1900-01-00,Low Risk,2,14,263.5
10987,EASTC,Eastern Connection,2772,86,36.9333,5,16,1900-01-00,UK,0,8,1900-01-00,1900-01-00,High Risk,3,30,46
11001,FOLKO,Folk och fä HB,2769,116,21.75,8,18,1900-01-00,Sweden,2,19,1900-01-00,1900-01-00,High Risk,4,12,30
10787,LAMAI,La maison d'Asie,2760.8,35,71.395,8,104.79,1900-01-00,France,2,14,1900-01-00,1900-01-00,High Risk,2,19,123.79
10851,RICAR,Ricardo Adocicados,2740,67,26.875,8,41,1900-01-00,Brazil,2,11,1900-01-00,1900-01-00,High Risk,4,14,55
10398,SAVEA,Save-a-lot Markets,2736,150,16.8,3,4.8,1900-01-00,USA,0,31,1900-01-00,1900-01-00,High Risk,2,14.4,19.2
10638,LINOD,LINO-Delicateses,2720.05,101,21.7833,3,25.3,1900-01-00,Venezuela,0,12,1900-01-00,1900-01-00,High Risk,3,9.5,34.8
10465,VAFFE,Vaffeljernet,2719,118,27.58,3,95.4,1900-01-00,Denmark,2,11,1900-01-00,1900-01-00,High Risk,5,3.6,99
10523,SEVES,Seven Seas Imports,2715.9,64,38.9125,5,71.35,1900-01-00,UK,0,9,1900-01-00,1900-01-00,High Risk,4,9.65,81
10402,ERNSH,Ernst Handel,2713.5,125,21.15,7,27.9,1900-01-00,Austria,0,30,1900-01-00,1900-01-00,High Risk,2,7.2,35.1
10302,SUPRD,Suprêmes délices,2708.8,80,34.8,2,5.6,1900-01-00,Belgium,0,12,1900-01-00,1900-01-00,High Risk,3,31.2,36.8
10618,MEREP,Mère Paillarde,2697.5,105,25.1666,8,25.5,1900-01-00,Canada,2,13,1900-01-00,1900-01-00,High Risk,3,12.5,38
10831,SANTG,Santé Gourmet,2684.4,27,84.175,4,254.3,1900-01-00,Norway,2,6,1900-01-00,1900-01-00,Medium Risk,4,9.2,263.5
10455,WARTH,Wartian Herkku,2684,125,20.15,8,11.8,1900-01-00,Finland,2,15,1900-01-00,1900-01-00,High Risk,4,14.4,26.2
10522,LEHMS,Lehmanns Marktstand,2657.8,109,25.5725,5,22,1900-01-00,Germany,0,15,1900-01-00,1900-01-00,High Risk,4,18,40
11007,PRINI,Princesa Isabel Vinhos,2633.9,54,59.2633,5,109.79,1900-01-00,Portugal,2,5,1900-01-00,1900-01-00,Medium Risk,3,14,123.79
10857,BERGS,Berglunds snabbköp,2630.95,75,55.0066,8,113.79,1900-01-00,Sweden,2,18,1900-01-00,1900-01-00,High Risk,3,10,123.79
10516,HUNGO,Hungry Owl All-Night Grocers,2614.5,125,28.7166,8,52.85,1900-01-00,Ireland,2,19,1900-01-00,1900-01-00,High Risk,3,9.65,62.5
10755,BONAP,Bon app',2598,99,25.75,8,28.5,1900-01-00,France,2,17,1900-01-00,1900-01-00,High Risk,4,9.5,38
10570,MEREP,Mère Paillarde,2595,75,29.5,8,17,1900-01-00,Canada,2,13,1900-01-00,1900-01-00,High Risk,2,21,38
10838,LINOD,LINO-Delicateses,2584.5,79,33.1666,7,44.5,1900-01-00,Venezuela,0,12,1900-01-00,1900-01-00,High Risk,3,18,62.5
10340,BONAP,Bon app',2564.4,72,31.5,2,42.3,1900-01-00,France,0,17,1900-01-00,1900-01-00,High Risk,3,7.7,50
10335,HUNGO,Hungry Owl All-Night Grocers,2545.2,86,23.3,3,32.4,1900-01-00,Ireland,0,19,1900-01-00,1900-01-00,High Risk,4,10,42.4
10703,FOLKO,Folk och fä HB,2545,75,29.6666,8,40,1900-01-00,Sweden,2,19,1900-01-00,1900-01-00,High Risk,3,15,55
10764,ERNSH,Ernst Handel,2540,150,14,8,8,1900-01-00,Austria,2,30,1900-01-00,1900-01-00,High Risk,2,10,18
10369,SPLIR,Split Rail Beer & Ale,2527.2,38,64.7,4,68.6,1900-01-00,USA,0,9,1900-01-00,1900-01-00,High Risk,2,30.4,99
10431,BOTTM,Bottom-Dollar Markets,2523,130,17.8333,4,23.6,1900-01-00,Canada,0,14,1900-01-00,1900-01-00,High Risk,3,7.6,31.2
10795,ERNSH,Ernst Handel,2499.25,100,28.225,8,21.55,1900-01-00,Austria,2,30,1900-01-00,1900-01-00,High Risk,2,17.45,39
10593,LEHMS,Lehmanns Marktstand,2493,45,45,8,63,1900-01-00,Germany,2,15,1900-01-00,1900-01-00,High Risk,3,18,81
10255,RICSU,Richter Supermarkt,2490.5,110,22.075,1,30.1,1900-01-00,Switzerland,0,10,1900-01-00,1900-01-00,High Risk,3,13.9,44
10756,SPLIR,Split Rail Beer & Ale,2487.5,67,32.5,7,50,1900-01-00,USA,0,9,1900-01-00,1900-01-00,High Risk,4,12.5,62.5
10337,FRANK,Frankenversand,2467,137,19.18,2,20.6,1900-01-00,Germany,0,15,1900-01-00,1900-01-00,High Risk,5,7.2,27.8
10263,ERNSH,Ernst Handel,2464.8,184,11.55,2,17.1,1900-01-00,Austria,2,30,1900-01-00,1900-01-00,High Risk,4,3.6,20.7
10930,SUPRD,Suprêmes délices,2455,116,22.7875,8,33.9,1900-01-00,Belgium,2,12,1900-01-00,1900-01-00,High Risk,4,10,43.9
10513,WANDK,Die Wandernde Kuh,2427.5,105,23.5,5,22,1900-01-00,Germany,0,10,1900-01-00,1900-01-00,High Risk,3,10,32
10583,WARTH,Wartian Herkku,2413.9,44,64.5966,8,89.79,1900-01-00,Finland,2,15,1900-01-00,1900-01-00,High Risk,3,34,123.79
11031,SAVEA,Save-a-lot Markets,2393.5,182,16.65,8,28.75,1900-01-00,USA,2,31,1900-01-00,1900-01-00,High Risk,5,4.5,33.25
10598,RATTC,Rattlesnake Canyon Grocery,2388.5,59,32.7,8,22.4,1900-01-00,USA,2,18,1900-01-00,1900-01-00,High Risk,2,21.5,43.9
11068,QUEEN,Queen Cozinha,2384.8,72,34.8666,8,33,1900-01-00,Brazil,2,13,1900-01-00,1900-01-00,High Risk,3,13,46
10948,GODOS,Godos Cocina Típica,2362.25,53,31.0833,8,36.75,1900-01-00,Spain,2,10,1900-01-00,1900-01-00,High Risk,3,16.25,53
10519,CHOPS,Chop-suey Chinese,2356,66,34.3333,3,7,1900-01-00,Switzerland,0,8,1900-01-00,1900-01-00,High Risk,3,31,38
10693,WHITC,White Clover Markets,2334,111,38.8625,7,89.55,1900-01-00,USA,2,14,1900-01-00,1900-01-00,High Risk,4,7.45,97
10395,HILAA,HILARION-Abastos,2333.2,106,21.5333,2,19.2,1900-01-00,Venezuela,0,18,1900-01-00,1900-01-00,High Risk,3,9.6,28.8
10314,RATTC,Rattlesnake Canyon Grocery,2327,95,25.2,4,28.8,1900-01-00,USA,0,18,1900-01-00,1900-01-00,High Risk,3,10.6,39.4
10746,CHOPS,Chop-suey Chinese,2311.7,83,26.325,5,43.3,1900-01-00,Switzerland,0,8,1900-01-00,1900-01-00,High Risk,4,6,49.3
10766,OTTIK,Ottilies Käseladen,2310,115,20.5,7,17.5,1900-01-00,Germany,0,10,1900-01-00,1900-01-00,High Risk,3,12.5,30
10670,FRANK,Frankenversand,2301.75,192,11.55,8,7.25,1900-01-00,Germany,2,15,1900-01-00,1900-01-00,High Risk,5,7.75,15
10342,FRANK,Frankenversand,2300.8,160,14.9,3,9.2,1900-01-00,Germany,0,15,1900-01-00,1900-01-00,High Risk,3,10,19.2
10533,FOLKO,Folk och fä HB,2295.2,98,23.9333,6,19.8,1900-01-00,Sweden,0,19,1900-01-00,1900-01-00,High Risk,3,15,34.8
10804,SEVES,Seven Seas Imports,2290.4,64,32.2,8,25.6,1900-01-00,UK,2,9,1900-01-00,1900-01-00,High Risk,3,20,45.6
10601,HILAA,HILARION-Abastos,2285,95,30.5,8,49,1900-01-00,Venezuela,2,18,1900-01-00,1900-01-00,High Risk,2,6,55
10855,OLDWO,Old World Delicatessen,2275.25,103,22.25,8,25.5,1900-01-00,USA,2,10,1900-01-00,1900-01-00,High Risk,4,12.5,38
10390,ERNSH,Ernst Handel,2275.2,169,15.45,6,18.2,1900-01-00,Austria,0,30,1900-01-00,1900-01-00,High Risk,4,9.6,27.8
10361,QUICK,QUICK-Stop,2273.6,109,20.8,6,12.8,1900-01-00,Germany,0,28,1900-01-00,1900-01-00,High Risk,2,14.4,27.2
10327,FOLKO,Folk och fä HB,2262.5,140,15.825,2,10.1,1900-01-00,Sweden,0,19,1900-01-00,1900-01-00,High Risk,4,10.6,20.7
10985,HUNGO,Hungry Owl All-Night Grocers,2248.2,79,37.3166,8,45.05,1900-01-00,Ireland,2,19,1900-01-00,1900-01-00,High Risk,3,17.45,62.5
10332,MEREP,Mère Paillarde,2233.6,66,22.9333,1,42.4,1900-01-00,Canada,0,13,1900-01-00,1900-01-00,High Risk,3,7.6,50
10977,FOLKO,Folk och fä HB,2233,90,31.1,8,43.5,1900-01-00,Sweden,2,19,1900-01-00,1900-01-00,High Risk,4,9.5,53
10384,BERGS,Berglunds snabbköp,2222.4,43,46,3,37.6,1900-01-00,Sweden,0,18,1900-01-00,1900-01-00,High Risk,2,27.2,64.8
10986,OCEAN,Océano Atlántico Ltda.,2220,70,33.25,5,68,1900-01-00,Argentina,0,5,1900-01-00,1900-01-00,Medium Risk,4,13,81
10773,ERNSH,Ernst Handel,2216.25,110,19.75,8,31.25,1900-01-00,Austria,2,30,1900-01-00,1900-01-00,High Risk,3,7.75,39
10436,BLONP,Blondesddsl père et fils,2210.8,99,18.2,4,24.2,1900-01-00,France,0,11,1900-01-00,1900-01-00,High Risk,4,6.2,30.4
10419,RICSU,Richter Supermarkt,2208,80,28,2,1.6,1900-01-00,Switzerland,0,10,1900-01-00,1900-01-00,High Risk,2,27.2,28.8
10892,MAISD,Maison Dewey,2200,40,55,4,0,1900-01-00,Belgium,0,7,1900-01-00,1900-01-00,High Risk,0,55,55
10748,SAVEA,Save-a-lot Markets,2196,112,21.8,8,29,1900-01-00,USA,2,31,1900-01-00,1900-01-00,High Risk,3,9,38
10285,QUICK,QUICK-Stop,2179.2,121,18.4333,2,11.8,1900-01-00,Germany,0,28,1900-01-00,1900-01-00,High Risk,3,14.4,26.2
10290,COMMI,Comércio Mineiro,2169,60,35.6,1,88.6,1900-01-00,Brazil,2,5,1900-01-00,1900-01-00,Medium Risk,4,10.4,99
10872,GODOS,Godos Cocina Típica,2166.8,66,31.9,4,28.25,1900-01-00,Spain,0,10,1900-01-00,1900-01-00,High Risk,4,21.05,49.3
10541,HANAR,Hanari Carnes,2162.8,84,77.6375,3,259,1900-01-00,Brazil,2,14,1900-01-00,1900-01-00,High Risk,4,4.5,263.5
11028,KOENE,Königlich Essen,2160,59,39.5,8,31,1900-01-00,Germany,2,14,1900-01-00,1900-01-00,High Risk,2,24,55
10535,ANTON,Antonio Moreno Taquería,2156.5,80,28.475,3,36.6,1900-01-00,Mexico,0,7,1900-01-00,1900-01-00,Medium Risk,4,18.4,55
10575,MORGK,Morgenstern Gesundkost,2147.4,58,37.925,2,37,1900-01-00,Germany,0,5,1900-01-00,1900-01-00,Medium Risk,4,18,55
10558,AROUT,Around the Horn,2142.9,96,23.46,4,46,1900-01-00,UK,0,13,1900-01-00,1900-01-00,High Risk,5,7,53
10273,QUICK,QUICK-Stop,2142.4,152,13.18,1,22.8,1900-01-00,Germany,0,28,1900-01-00,1900-01-00,High Risk,5,2,24.8
10413,LAMAI,La maison d'Asie,2123.2,78,22.7333,4,25,1900-01-00,France,0,14,1900-01-00,1900-01-00,High Risk,2,14.4,39.4
10452,SAVEA,Save-a-lot Markets,2096,115,25.95,5,20.9,1900-01-00,USA,0,31,1900-01-00,1900-01-00,High Risk,2,15.5,36.4
10877,RICAR,Ricardo Adocicados,2086,55,39.975,8,45.05,1900-01-00,Brazil,2,11,1900-01-00,1900-01-00,High Risk,2,17.45,62.5
10536,LEHMS,Lehmanns Marktstand,2085,100,21.75,7,35.5,1900-01-00,Germany,0,15,1900-01-00,1900-01-00,High Risk,4,2.5,38
10871,BONAP,Bon app',2083.4,78,27.15,8,21.55,1900-01-00,France,2,17,1900-01-00,1900-01-00,High Risk,3,17.45,39
10573,ANTON,Antonio Moreno Taquería,2082,83,28.6,4,25,1900-01-00,Mexico,0,7,1900-01-00,1900-01-00,Medium Risk,3,14,39
10814,VICTE,Victuailles en stock,2070,78,24.225,8,36.35,1900-01-00,France,2,10,1900-01-00,1900-01-00,Medium Risk,4,9.65,46
10641,HILAA,HILARION-Abastos,2054,110,18.7,8,0.6,1900-01-00,Venezuela,2,18,1900-01-00,1900-01-00,High Risk,2,18.4,19
10964,SPECD,Spécialités du monde,2052.5,21,120.6666,3,227.5,1900-01-00,France,2,4,1900-01-00,1900-01-00,Low Risk,3,36,263.5
10461,LILAS,LILA-Supermercado,2051.6,128,15.9666,6,12.7,1900-01-00,Venezuela,0,14,1900-01-00,1900-01-00,High Risk,3,8,20.7
10503,HUNGO,Hungry Owl All-Night Grocers,2048.5,90,22.15,7,2.2,1900-01-00,Ireland,0,19,1900-01-00,1900-01-00,High Risk,2,21.05,23.25
10700,SAVEA,Save-a-lot Markets,2048,117,16.5,8,9,1900-01-00,USA,2,31,1900-01-00,1900-01-00,High Risk,4,12.5,21.5
10566,BLONP,Blondesddsl père et fils,2040,63,33.8333,7,44.5,1900-01-00,France,0,11,1900-01-00,1900-01-00,High Risk,3,18,62.5
10924,BERGS,Berglunds snabbköp,2034.5,56,28.1166,8,37.85,1900-01-00,Sweden,2,18,1900-01-00,1900-01-00,High Risk,3,7.75,45.6
10663,BONAP,Bon app',2032,80,28.4666,7,39,1900-01-00,France,0,17,1900-01-00,1900-01-00,High Risk,3,14,53
10258,ERNSH,Ernst Handel,2018.6,121,19.2666,1,10.4,1900-01-00,Austria,0,30,1900-01-00,1900-01-00,High Risk,3,15.2,25.6
10406,QUEEN,Queen Cozinha,2018.2,89,17.74,2,28.4,1900-01-00,Brazil,1,13,1900-01-00,1900-01-00,High Risk,5,8,36.4
10868,QUEEN,Queen Cozinha,2004.6,92,23.0766,8,13.23,1900-01-00,Brazil,2,13,1900-01-00,1900-01-00,High Risk,3,18,31.23
10731,CHOPS,Chop-suey Chinese,1990,70,31.5,4,43,1900-01-00,Switzerland,0,8,1900-01-00,1900-01-00,High Risk,2,10,53
10997,LILAS,LILA-Supermercado,1980,90,17,8,25,1900-01-00,Venezuela,2,14,1900-01-00,1900-01-00,High Risk,3,7,32
10830,TRADH,Tradição Hipermercados,1974,88,22.375,4,21.5,1900-01-00,Brazil,1,6,1900-01-00,1900-01-00,Medium Risk,4,12.5,34
11024,EASTC,Eastern Connection,1966.81,113,19.07,6,28.73,1900-01-00,UK,0,8,1900-01-00,1900-01-00,High Risk,4,2.5,31.23
10330,LILAS,LILA-Supermercado,1940,75,26.35,3,2.9,1900-01-00,Venezuela,0,14,1900-01-00,1900-01-00,High Risk,2,24.9,27.8
10921,VAFFE,Vaffeljernet,1936,50,30.95,8,25.9,1900-01-00,Denmark,2,11,1900-01-00,1900-01-00,High Risk,2,18,43.9
10918,BOTTM,Bottom-Dollar Markets,1930,85,26,7,16,1900-01-00,Canada,0,14,1900-01-00,1900-01-00,High Risk,2,18,34
10646,HUNGO,Hungry Owl All-Night Grocers,1928,98,20.875,8,18,1900-01-00,Ireland,2,19,1900-01-00,1900-01-00,High Risk,4,13,31
10791,FRANK,Frankenversand,1926.06,34,66.72,8,114.14,1900-01-00,Germany,2,15,1900-01-00,1900-01-00,High Risk,2,9.65,123.79
10932,BONAP,Bon app',1925.5,80,27.325,8,41.55,1900-01-00,France,2,17,1900-01-00,1900-01-00,High Risk,4,7.75,49.3
10904,WHITC,White Clover Markets,1924.25,50,31.275,8,36.05,1900-01-00,USA,2,14,1900-01-00,1900-01-00,High Risk,2,13.25,49.3
10667,ERNSH,Ernst Handel,1921,59,28.75,8,14.5,1900-01-00,Austria,2,30,1900-01-00,1900-01-00,High Risk,2,21.5,36
10786,QUEEN,Queen Cozinha,1913.85,87,24.5466,8,32.25,1900-01-00,Brazil,2,13,1900-01-00,1900-01-00,High Risk,3,7.75,40
10747,PICCO,Piccolo und mehr,1912.85,82,25.5125,8,34.25,1900-01-00,Austria,2,10,1900-01-00,1900-01-00,High Risk,4,9.65,43.9
10547,SEVES,Seven Seas Imports,1908,84,25.5,6,13,1900-01-00,UK,0,9,1900-01-00,1900-01-00,High Risk,2,19,32
10396,FRANK,Frankenversand,1903.8,121,17.4,4,20.6,1900-01-00,Germany,0,15,1900-01-00,1900-01-00,High Risk,3,7.2,27.8
10954,LINOD,LINO-Delicateses,1902.1,107,18.3625,8,24.5,1900-01-00,Venezuela,2,12,1900-01-00,1900-01-00,High Risk,4,9.5,34
11002,SAVEA,Save-a-lot Markets,1902,135,15.5,8,18,1900-01-00,USA,2,31,1900-01-00,1900-01-00,High Risk,4,6,24
10420,WELLI,Wellington Importadora,1897.6,50,26.6,2,72.8,1900-01-00,Brazil,1,9,1900-01-00,1900-01-00,Medium Risk,3,4.8,77.6
10706,OLDWO,Old World Delicatessen,1893,52,39.4833,6,37.55,1900-01-00,USA,0,10,1900-01-00,1900-01-00,High Risk,3,17.45,55
10294,RATTC,Rattlesnake Canyon Grocery,1887.6,75,23.16,3,30.6,1900-01-00,USA,0,18,1900-01-00,1900-01-00,High Risk,5,6.2,36.8
11041,CHOPS,Chop-suey Chinese,1887,60,31.45,8,24.9,1900-01-00,Switzerland,2,8,1900-01-00,1900-01-00,High Risk,2,19,43.9
10880,FOLKO,Folk och fä HB,1875,110,17.5,8,19.5,1900-01-00,Sweden,2,19,1900-01-00,1900-01-00,High Risk,3,9,28.5
11070,LEHMS,Lehmanns Marktstand,1873.5,110,16.7375,8,6.5,1900-01-00,Germany,2,15,1900-01-00,1900-01-00,High Risk,4,12.5,19
10750,WARTH,Wartian Herkku,1871.25,70,29.25,8,45.5,1900-01-00,Finland,2,15,1900-01-00,1900-01-00,High Risk,3,9.5,55
10249,TOMSP,Toms Spezialitäten,1863.4,49,30.5,1,23.8,1900-01-00,Germany,0,6,1900-01-00,1900-01-00,Medium Risk,2,18.6,42.4
10812,REGGC,Reggiani Caseifici,1852,76,20.1,8,22.3,1900-01-00,Italy,2,12,1900-01-00,1900-01-00,Medium Risk,3,12.5,34.8
10729,LINOD,LINO-Delicateses,1850,120,14.75,5,8,1900-01-00,Venezuela,0,12,1900-01-00,1900-01-00,High Risk,3,10,18
10464,FURIB,Furia Bacalhau e Frutos do Mar,1848,69,28,3,19.2,1900-01-00,Portugal,0,8,1900-01-00,1900-01-00,Medium Risk,4,17.6,36.8
10449,BLONP,Blondesddsl père et fils,1838.2,69,23.2666,5,33.8,1900-01-00,France,0,11,1900-01-00,1900-01-00,High Risk,3,5.6,39.4
11059,RICAR,Ricardo Adocicados,1838,77,26.3333,8,33,1900-01-00,Brazil,2,11,1900-01-00,1900-01-00,High Risk,3,6,39
10551,FURIB,Furia Bacalhau e Frutos do Mar,1836,100,18.3,5,2,1900-01-00,Portugal,0,8,1900-01-00,1900-01-00,Medium Risk,3,17.45,19.45
10368,ERNSH,Ernst Handel,1834.2,78,21.65,4,28.4,1900-01-00,Austria,0,30,1900-01-00,1900-01-00,High Risk,4,8,36.4
10389,BOTTM,Bottom-Dollar Markets,1832.8,81,23.85,1,27.4,1900-01-00,Canada,0,14,1900-01-00,1900-01-00,High Risk,4,12,39.4
10537,RICSU,Richter Supermarkt,1823.8,86,25.71,3,40.5,1900-01-00,Switzerland,0,10,1900-01-00,1900-01-00,High Risk,5,12.5,53
10470,BONAP,Bon app',1820.8,53,27.9333,4,42.8,1900-01-00,France,0,17,1900-01-00,1900-01-00,High Risk,3,7.2,50
10650,FAMIA,Familia Arquibaldo,1820.2,85,22.0466,6,25.35,1900-01-00,Brazil,1,7,1900-01-00,1900-01-00,Medium Risk,3,7.45,32.8
10554,OTTIK,Ottilies Käseladen,1819.5,80,22.1875,4,40.3,1900-01-00,Germany,0,10,1900-01-00,1900-01-00,High Risk,4,9,49.3
10418,QUICK,QUICK-Stop,1814.8,146,13.4,7,15.2,1900-01-00,Germany,0,28,1900-01-00,1900-01-00,High Risk,4,7.6,22.8
10250,HANAR,Hanari Carnes,1813,60,22.3,1,34.7,1900-01-00,Brazil,1,14,1900-01-00,1900-01-00,High Risk,3,7.7,42.4
10984,SAVEA,Save-a-lot Markets,1809.75,115,13.65,8,14.5,1900-01-00,USA,2,31,1900-01-00,1900-01-00,High Risk,3,4.5,19
10442,ERNSH,Ernst Handel,1792,170,12.1,8,10.9,1900-01-00,Austria,2,30,1900-01-00,1900-01-00,High Risk,3,5.9,16.8
10475,SUPRD,Suprêmes délices,1770.8,137,12.6666,5,4.4,1900-01-00,Belgium,0,12,1900-01-00,1900-01-00,High Risk,3,10,14.4
10740,WHITC,White Clover Markets,1770,94,27.775,8,36.1,1900-01-00,USA,2,14,1900-01-00,1900-01-00,High Risk,4,9.5,45.6
10543,LILAS,LILA-Supermercado,1770,100,23.5,8,29,1900-01-00,Venezuela,2,14,1900-01-00,1900-01-00,High Risk,2,9,38
10684,OTTIK,Ottilies Käseladen,1768,90,20.6333,6,24.5,1900-01-00,Germany,0,10,1900-01-00,1900-01-00,High Risk,3,9.5,34
10399,VAFFE,Vaffeljernet,1765.6,139,13,2,7.2,1900-01-00,Denmark,0,11,1900-01-00,1900-01-00,High Risk,4,10,17.2
10829,ISLAT,Island Trading,1764,61,24.75,8,34,1900-01-00,UK,2,10,1900-01-00,1900-01-00,Medium Risk,4,6,40
10957,HILAA,HILARION-Abastos,1762.7,78,25.7133,8,15.25,1900-01-00,Venezuela,2,18,1900-01-00,1900-01-00,High Risk,3,18,33.25
10309,HUNGO,Hungry Owl All-Night Grocers,1762,75,20.56,2,25.6,1900-01-00,Ireland,0,19,1900-01-00,1900-01-00,High Risk,5,11.2,36.8
10485,LINOD,LINO-Delicateses,1760,130,13.6,2,11.2,1900-01-00,Venezuela,0,12,1900-01-00,1900-01-00,High Risk,4,8,19.2
10441,OLDWO,Old World Delicatessen,1755,50,35.1,3,0,1900-01-00,USA,0,10,1900-01-00,1900-01-00,High Risk,0,35.1,35.1
11035,SUPRD,Suprêmes délices,1754.5,110,14.3625,8,10.55,1900-01-00,Belgium,2,12,1900-01-00,1900-01-00,High Risk,3,7.45,18
10429,HUNGO,Hungry Owl All-Night Grocers,1748.5,75,24.05,6,22.1,1900-01-00,Ireland,0,19,1900-01-00,1900-01-00,High Risk,2,13,35.1
10260,OTTIK,Ottilies Käseladen,1746.2,102,18.675,1,31.7,1900-01-00,Germany,0,10,1900-01-00,1900-01-00,High Risk,4,7.7,39.4
10971,FRANR,France restauration,1733.06,14,123.79,3,0,1900-01-00,France,0,3,1900-01-00,1900-01-00,Low Risk,0,123.79,123.79
10346,RATTC,Rattlesnake Canyon Grocery,1731.2,56,30.8,6,0.8,1900-01-00,USA,0,18,1900-01-00,1900-01-00,High Risk,2,30.4,31.2
11055,HILAA,HILARION-Abastos,1727.5,70,22.75,8,48.5,1900-01-00,Venezuela,2,18,1900-01-00,1900-01-00,High Risk,4,4.5,53
10727,REGGC,Reggiani Caseifici,1710,40,44,7,17,1900-01-00,Italy,0,12,1900-01-00,1900-01-00,Medium Risk,3,38,55
10373,HUNGO,Hungry Owl All-Night Grocers,1708,130,13.9,4,6.6,1900-01-00,Ireland,0,19,1900-01-00,1900-01-00,High Risk,2,10.6,17.2
10707,AROUT,Around the Horn,1704,89,19.5,5,9,1900-01-00,UK,0,13,1900-01-00,1900-01-00,High Risk,3,15,24
10769,VAFFE,Vaffeljernet,1704,80,23.6125,8,42.3,1900-01-00,Denmark,2,11,1900-01-00,1900-01-00,High Risk,4,7,49.3
10751,RICSU,Richter Supermarkt,1701.46,77,22.0925,5,16.23,1900-01-00,Switzerland,0,10,1900-01-00,1900-01-00,High Risk,4,15,31.23
10660,HUNGC,Hungry Coyote Import Store,1701,21,81,5,0,1900-01-00,USA,0,5,1900-01-00,1900-01-00,Low Risk,0,81,81
11036,DRACD,Drachenblut Delikatessen,1692,37,30.5,5,49,1900-01-00,Germany,0,6,1900-01-00,1900-01-00,Medium Risk,2,6,55
10459,VICTE,Victuailles en stock,1688,76,20.4666,4,18.2,1900-01-00,France,0,10,1900-01-00,1900-01-00,Medium Risk,3,9.6,27.8
10765,QUICK,QUICK-Stop,1684,80,21.05,8,0,1900-01-00,Germany,2,28,1900-01-00,1900-01-00,High Risk,0,21.05,21.05
10680,OLDWO,Old World Delicatessen,1682.5,110,14.65,5,4.95,1900-01-00,USA,0,10,1900-01-00,1900-01-00,High Risk,3,12.5,17.45
10404,MAGAA,Magazzini Alimentari Riuniti,1675,100,17.3666,3,13.7,1900-01-00,Italy,0,10,1900-01-00,1900-01-00,Medium Risk,3,11.2,24.9
10527,QUICK,QUICK-Stop,1670,80,20.5,8,3,1900-01-00,Germany,2,28,1900-01-00,1900-01-00,High Risk,2,19,22
11052,HANAR,Hanari Carnes,1665,40,37.25,8,17.5,1900-01-00,Brazil,2,14,1900-01-00,1900-01-00,High Risk,2,28.5,46
10808,OLDWO,Old World Delicatessen,1660,70,28,7,20,1900-01-00,USA,0,10,1900-01-00,1900-01-00,High Risk,2,18,38
10784,MAGAA,Magazzini Alimentari Riuniti,1650,62,23.9333,7,16.8,1900-01-00,Italy,0,10,1900-01-00,1900-01-00,Medium Risk,3,18,34.8
10617,GREAL,Great Lakes Food Market,1650,30,55,4,0,1900-01-00,USA,0,11,1900-01-00,1900-01-00,High Risk,0,55,55
10758,RICSU,Richter Supermarkt,1644.6,120,17.7433,6,24.23,1900-01-00,Switzerland,0,10,1900-01-00,1900-01-00,High Risk,3,7,31.23
10686,PICCO,Piccolo und mehr,1638.45,45,35.115,7,7.77,1900-01-00,Austria,0,10,1900-01-00,1900-01-00,High Risk,2,31.23,39
10800,SEVES,Seven Seas Imports,1632.15,67,27.15,7,45.55,1900-01-00,UK,0,9,1900-01-00,1900-01-00,High Risk,3,7.45,53
10869,SEVES,Seven Seas Imports,1630,120,15.125,8,12,1900-01-00,UK,2,9,1900-01-00,1900-01-00,High Risk,4,9,21
10408,FOLIG,Folies gourmandes,1622.4,51,22.0333,1,33.5,1900-01-00,France,0,5,1900-01-00,1900-01-00,High Risk,3,5.9,39.4
10878,QUICK,QUICK-Stop,1620,20,81,8,0,1900-01-00,Germany,2,28,1900-01-00,1900-01-00,High Risk,0,81,81
10312,WANDK,Die Wandernde Kuh,1614.8,58,26.4,2,30.6,1900-01-00,Germany,0,10,1900-01-00,1900-01-00,High Risk,4,6.2,36.8
10343,LEHMS,Lehmanns Marktstand,1586,69,17,3,16.6,1900-01-00,Germany,0,15,1900-01-00,1900-01-00,High Risk,3,10,26.6
10799,KOENE,Königlich Essen,1585,65,21.8333,8,50.5,1900-01-00,Germany,2,14,1900-01-00,1900-01-00,High Risk,3,4.5,55
10457,KOENE,Königlich Essen,1584,36,44,4,0,1900-01-00,Germany,0,14,1900-01-00,1900-01-00,High Risk,0,44,44
11018,LONEP,Lonesome Pine Restaurant,1575,35,46.1666,8,24.5,1900-01-00,USA,2,8,1900-01-00,1900-01-00,Medium Risk,2,38,62.5
10722,SAVEA,Save-a-lot Markets,1570,140,12.9375,8,11.25,1900-01-00,USA,2,31,1900-01-00,1900-01-00,High Risk,3,7.75,19
10572,BERGS,Berglunds snabbköp,1565.65,87,18.9,7,24.25,1900-01-00,Sweden,0,18,1900-01-00,1900-01-00,High Risk,4,7.75,32
11046,WANDK,Die Wandernde Kuh,1564,53,29.3333,8,20,1900-01-00,Germany,2,10,1900-01-00,1900-01-00,High Risk,3,18,38
10488,FRANK,Frankenversand,1560,50,28,5,32,1900-01-00,Germany,0,15,1900-01-00,1900-01-00,High Risk,2,12,44
10362,BONAP,Bon app',1549.6,94,19.8333,3,36.5,1900-01-00,France,0,17,1900-01-00,1900-01-00,High Risk,3,5.9,42.4
10553,WARTH,Wartian Herkku,1546.3,89,17.99,8,8.5,1900-01-00,Finland,2,15,1900-01-00,1900-01-00,High Risk,4,12.5,21
10645,HANAR,Hanari Carnes,1535,35,40.75,4,43.5,1900-01-00,Brazil,1,14,1900-01-00,1900-01-00,High Risk,2,19,62.5
10664,FURIB,Furia Bacalhau e Frutos do Mar,1515.75,51,30.0166,7,16.95,1900-01-00,Portugal,0,8,1900-01-00,1900-01-00,Medium Risk,3,21.05,38
10834,TRADH,Tradição Hipermercados,1508.12,28,74.84,5,97.9,1900-01-00,Brazil,2,6,1900-01-00,1900-01-00,Medium Risk,2,25.89,123.79
10603,SAVEA,Save-a-lot Markets,1508,73,20.5,8,1,1900-01-00,USA,2,31,1900-01-00,1900-01-00,High Risk,2,20,21
10626,BERGS,Berglunds snabbköp,1503.6,52,29.4333,8,12.5,1900-01-00,Sweden,2,18,1900-01-00,1900-01-00,High Risk,3,21.5,34
10978,MAISD,Maison Dewey,1500.7,76,21.9625,6,30,1900-01-00,Belgium,0,7,1900-01-00,1900-01-00,High Risk,4,10,40
11023,BSBEV,B's Beverages,1500,34,38,8,16,1900-01-00,UK,2,10,1900-01-00,1900-01-00,Medium Risk,2,30,46
10734,GOURL,Gourmet Lanchonetes,1498.35,65,22.9633,5,7.89,1900-01-00,Brazil,1,9,1900-01-00,1900-01-00,Medium Risk,3,18,25.89
10325,KOENE,Königlich Essen,1497,71,16.24,2,23,1900-01-00,Germany,0,14,1900-01-00,1900-01-00,High Risk,5,4.8,27.8
10278,BERGS,Berglunds snabbköp,1488.8,64,26.65,1,32,1900-01-00,Sweden,0,18,1900-01-00,1900-01-00,High Risk,4,12,44
10768,AROUT,Around the Horn,1477,81,22.25,8,21.5,1900-01-00,UK,2,13,1900-01-00,1900-01-00,High Risk,4,12.5,34
10596,WHITC,White Clover Markets,1476.1,59,29.8833,6,36.15,1900-01-00,USA,0,14,1900-01-00,1900-01-00,High Risk,3,7.75,43.9
10481,RICAR,Ricardo Adocicados,1472,64,21.6,4,11.2,1900-01-00,Brazil,1,11,1900-01-00,1900-01-00,High Risk,2,16,27.2
10866,BERGS,Berglunds snabbköp,1461.6,67,16.4633,8,21.39,1900-01-00,Sweden,2,18,1900-01-00,1900-01-00,High Risk,3,4.5,25.89
10733,BERGS,Berglunds snabbköp,1459,61,25.2833,8,38.6,1900-01-00,Sweden,2,18,1900-01-00,1900-01-00,High Risk,3,7,45.6
10272,RATTC,Rattlesnake Canyon Grocery,1456,70,34.2,2,54.8,1900-01-00,USA,0,18,1900-01-00,1900-01-00,High Risk,3,10,64.8
10284,LEHMS,Lehmanns Marktstand,1452,61,22.25,2,23.9,1900-01-00,Germany,0,15,1900-01-00,1900-01-00,High Risk,4,11.2,35.1
10884,LETSS,Let's Stop N Shop,1450.6,73,23.0166,4,28,1900-01-00,USA,0,4,1900-01-00,1900-01-00,Medium Risk,3,10,38
11063,HUNGO,Hungry Owl All-Night Grocers,1445.5,100,14.0166,8,8.75,1900-01-00,Ireland,2,19,1900-01-00,1900-01-00,High Risk,3,9.65,18.4
10253,HANAR,Hanari Carnes,1444.8,102,13.4666,2,6,1900-01-00,Brazil,1,14,1900-01-00,1900-01-00,High Risk,3,10,16
10783,HANAR,Hanari Carnes,1442.5,15,138,7,251,1900-01-00,Brazil,2,14,1900-01-00,1900-01-00,High Risk,2,12.5,263.5
10392,PICCO,Piccolo und mehr,1440,50,28.8,2,0,1900-01-00,Austria,0,10,1900-01-00,1900-01-00,High Risk,0,28.8,28.8
10859,FRANK,Frankenversand,1438.25,105,15.0666,8,28.75,1900-01-00,Germany,2,15,1900-01-00,1900-01-00,High Risk,3,4.5,33.25
10649,MAISD,Maison Dewey,1434,35,40.2,2,10.8,1900-01-00,Belgium,0,7,1900-01-00,1900-01-00,High Risk,2,34.8,45.6
10623,FRANK,Frankenversand,1429.75,94,12.99,7,18.75,1900-01-00,Germany,0,15,1900-01-00,1900-01-00,High Risk,5,4.5,23.25
10675,FRANK,Frankenversand,1423,70,23.1,8,19.55,1900-01-00,Germany,2,15,1900-01-00,1900-01-00,High Risk,3,13.25,32.8
10644,WELLI,Wellington Importadora,1422,45,40.1666,4,50.5,1900-01-00,Brazil,1,9,1900-01-00,1900-01-00,Medium Risk,3,12,62.5
10297,BLONP,Blondesddsl père et fils,1420,80,21.1,2,13.4,1900-01-00,France,0,11,1900-01-00,1900-01-00,High Risk,2,14.4,27.8
10380,HUNGO,Hungry Owl All-Night Grocers,1419.8,74,21.525,5,15.2,1900-01-00,Ireland,0,19,1900-01-00,1900-01-00,High Risk,4,12,27.2
10283,LILAS,LILA-Supermercado,1414.8,76,18.675,1,20.5,1900-01-00,Venezuela,0,14,1900-01-00,1900-01-00,High Risk,4,7.3,27.8
10606,TRADH,Tradição Hipermercados,1413,50,31.7666,3,27.3,1900-01-00,Brazil,1,6,1900-01-00,1900-01-00,Medium Risk,3,22,49.3
10499,LILAS,LILA-Supermercado,1412,45,32.8,7,25.6,1900-01-00,Venezuela,0,14,1900-01-00,1900-01-00,High Risk,2,20,45.6
10968,ERNSH,Ernst Handel,1408,64,25.25,8,33.5,1900-01-00,Austria,2,30,1900-01-00,1900-01-00,High Risk,3,4.5,38
10946,VAFFE,Vaffeljernet,1407.5,90,16.1666,8,26.5,1900-01-00,Denmark,2,11,1900-01-00,1900-01-00,High Risk,3,4.5,31
11022,HANAR,Hanari Carnes,1402,65,22.6,8,26.8,1900-01-00,Brazil,2,14,1900-01-00,1900-01-00,High Risk,2,9.2,36
10624,THECR,The Cracker Box,1393.24,26,62.9466,1,104.34,1900-01-00,USA,2,3,1900-01-00,1900-01-00,Low Risk,3,19.45,123.79
10504,WHITC,White Clover Markets,1388.5,59,22.575,5,22.8,1900-01-00,USA,0,14,1900-01-00,1900-01-00,High Risk,4,10,32.8
10497,LEHMS,Lehmanns Marktstand,1380.6,64,22.8666,4,20,1900-01-00,Germany,0,15,1900-01-00,1900-01-00,High Risk,3,10.4,30.4
10635,MAGAA,Magazzini Alimentari Riuniti,1380.25,65,21.45,5,1,1900-01-00,Italy,0,10,1900-01-00,1900-01-00,Medium Risk,3,21,22
10270,WARTH,Wartian Herkku,1376,55,26,2,21.6,1900-01-00,Finland,0,15,1900-01-00,1900-01-00,High Risk,2,15.2,36.8
11077,RATTC,Rattlesnake Canyon Grocery,1374.6,72,22.974,8,75,1900-01-00,USA,2,18,1900-01-00,1900-01-00,High Risk,25,6,81
10357,LILAS,LILA-Supermercado,1360,54,25.6333,4,2.4,1900-01-00,Venezuela,0,14,1900-01-00,1900-01-00,High Risk,3,24.8,27.2
10989,QUEDE,Que Delícia,1353.6,59,18.55,8,15.35,1900-01-00,Brazil,2,9,1900-01-00,1900-01-00,Medium Risk,3,9.65,25
10526,WARTH,Wartian Herkku,1344,48,20.6666,8,32,1900-01-00,Finland,2,15,1900-01-00,1900-01-00,High Risk,3,6,38
10779,MORGK,Morgenstern Gesundkost,1335,40,33.375,4,31.85,1900-01-00,Germany,0,5,1900-01-00,1900-01-00,Medium Risk,2,17.45,49.3
10717,FRANK,Frankenversand,1331.75,72,17.8166,8,28.55,1900-01-00,Germany,2,15,1900-01-00,1900-01-00,High Risk,3,7.45,36
10471,BSBEV,B's Beverages,1328,50,27.2,2,6.4,1900-01-00,UK,0,10,1900-01-00,1900-01-00,Medium Risk,2,24,30.4
10681,GREAL,Great Lakes Food Market,1327,70,17.4833,6,24.05,1900-01-00,USA,0,11,1900-01-00,1900-01-00,High Risk,3,9.2,33.25
11045,BOTTM,Bottom-Dollar Markets,1309.5,39,27.75,8,50.5,1900-01-00,Canada,2,14,1900-01-00,1900-01-00,High Risk,2,2.5,53
10564,RATTC,Rattlesnake Canyon Grocery,1299,47,25.1666,8,26.5,1900-01-00,USA,2,18,1900-01-00,1900-01-00,High Risk,3,12.5,39
10728,QUEEN,Queen Cozinha,1296.75,48,25.5725,7,15.6,1900-01-00,Brazil,1,13,1900-01-00,1900-01-00,High Risk,4,18.4,34
10715,BONAP,Bon app',1296,51,26.25,8,9.5,1900-01-00,France,2,17,1900-01-00,1900-01-00,High Risk,2,21.5,31
10292,TRADH,Tradição Hipermercados,1296,20,64.8,1,0,1900-01-00,Brazil,1,6,1900-01-00,1900-01-00,Medium Risk,0,64.8,64.8
10665,LONEP,Lonesome Pine Restaurant,1295,31,42,5,37,1900-01-00,USA,0,8,1900-01-00,1900-01-00,Medium Risk,3,18,55
10659,QUEEN,Queen Cozinha,1291.6,84,15.3,5,5.9,1900-01-00,Brazil,1,13,1900-01-00,1900-01-00,High Risk,3,12.5,18.4
11029,CHOPS,Chop-suey Chinese,1286.8,32,40.95,7,5.9,1900-01-00,Switzerland,0,8,1900-01-00,1900-01-00,High Risk,2,38,43.9
10388,SEVES,Seven Seas Imports,1274,75,13.1333,3,20.6,1900-01-00,UK,0,9,1900-01-00,1900-01-00,High Risk,3,5.6,26.2
10421,QUEDE,Que Delícia,1273.2,59,17.2,4,18.9,1900-01-00,Brazil,1,9,1900-01-00,1900-01-00,Medium Risk,4,7.3,26.2
10486,HILAA,HILARION-Abastos,1272,46,22.4,4,34.4,1900-01-00,Venezuela,0,18,1900-01-00,1900-01-00,High Risk,3,8,42.4
10627,SAVEA,Save-a-lot Markets,1264.5,50,32.15,8,34.3,1900-01-00,USA,2,31,1900-01-00,1900-01-00,High Risk,2,15,49.3
10999,OTTIK,Ottilies Käseladen,1261,56,25.2166,8,43.35,1900-01-00,Germany,2,10,1900-01-00,1900-01-00,High Risk,3,9.65,53
10619,MEREP,Mère Paillarde,1260,82,15.5,8,11,1900-01-00,Canada,2,13,1900-01-00,1900-01-00,High Risk,2,10,21
10560,FRANK,Frankenversand,1257.3,35,37.595,6,23.41,1900-01-00,Germany,0,15,1900-01-00,1900-01-00,High Risk,2,25.89,49.3
10803,WELLI,Wellington Importadora,1255.8,54,26.0666,5,45.8,1900-01-00,Brazil,1,9,1900-01-00,1900-01-00,Medium Risk,3,9.2,55
10966,CHOPS,Chop-suey Chinese,1255.6,32,37.7666,6,23.3,1900-01-00,Switzerland,0,8,1900-01-00,1900-01-00,High Risk,3,26,49.3
10837,BERGS,Berglunds snabbköp,1254,92,12.975,8,12.4,1900-01-00,Sweden,2,18,1900-01-00,1900-01-00,High Risk,4,6,18.4
10474,PERIC,Pericles Comidas clásicas,1249.1,61,18.975,3,30.2,1900-01-00,Mexico,0,6,1900-01-00,1900-01-00,Medium Risk,4,6.2,36.4
10303,GODOS,Godos Cocina Típica,1242,85,13.8333,1,6.8,1900-01-00,Spain,0,10,1900-01-00,1900-01-00,High Risk,3,10,16.8
10712,HUNGO,Hungry Owl All-Night Grocers,1238.4,33,35.4,8,5.2,1900-01-00,Ireland,2,19,1900-01-00,1900-01-00,High Risk,2,32.8,38
10885,SUPRD,Suprêmes délices,1209,87,12.875,8,14.5,1900-01-00,Belgium,2,12,1900-01-00,1900-01-00,High Risk,4,4.5,19
10411,BOTTM,Bottom-Dollar Markets,1208.5,74,22.4,3,36.3,1900-01-00,Canada,0,14,1900-01-00,1900-01-00,High Risk,3,7.7,44
10653,FRANK,Frankenversand,1203.5,50,25.725,8,16.55,1900-01-00,Germany,2,15,1900-01-00,1900-01-00,High Risk,2,17.45,34
10277,MORGK,Morgenstern Gesundkost,1200.8,32,37.9,1,3,1900-01-00,Germany,0,5,1900-01-00,1900-01-00,Medium Risk,2,36.4,39.4
10995,PERIC,Pericles Comidas clásicas,1196,24,43.5,5,19,1900-01-00,Mexico,0,6,1900-01-00,1900-01-00,Medium Risk,2,34,53
10407,OTTIK,Ottilies Käseladen,1194,60,20.9333,2,12,1900-01-00,Germany,0,10,1900-01-00,1900-01-00,High Risk,3,16.8,28.8
10319,TORTU,Tortuga Restaurante,1191.2,52,27.3333,4,22,1900-01-00,Mexico,0,10,1900-01-00,1900-01-00,High Risk,3,14.4,36.4
10265,BLONP,Blondesddsl père et fils,1176,50,21.6,1,19.2,1900-01-00,France,0,11,1900-01-00,1900-01-00,High Risk,2,12,31.2
10929,FRANK,Frankenversand,1174.75,124,10.25,8,5.25,1900-01-00,Germany,2,15,1900-01-00,1900-01-00,High Risk,3,7.75,13
10370,CHOPS,Chop-suey Chinese,1174,65,16.3333,2,18.6,1900-01-00,Switzerland,0,8,1900-01-00,1900-01-00,High Risk,3,8,26.6
11027,BOTTM,Bottom-Dollar Markets,1170.3,51,26.9,8,44.8,1900-01-00,Canada,2,14,1900-01-00,1900-01-00,High Risk,2,4.5,49.3
10328,FURIB,Furia Bacalhau e Frutos do Mar,1168,59,23.6,1,34,1900-01-00,Portugal,0,8,1900-01-00,1900-01-00,Medium Risk,3,10,44
10557,LEHMS,Lehmanns Marktstand,1152.5,50,20.5,8,25.5,1900-01-00,Germany,2,15,1900-01-00,1900-01-00,High Risk,2,7.75,33.25
10690,HANAR,Hanari Carnes,1150,50,25.5,5,25,1900-01-00,Brazil,1,14,1900-01-00,1900-01-00,High Risk,2,13,38
10590,MEREP,Mère Paillarde,1140,80,15.5,8,5,1900-01-00,Canada,2,13,1900-01-00,1900-01-00,High Risk,2,13,18
10820,RATTC,Rattlesnake Canyon Grocery,1140,30,38,8,0,1900-01-00,USA,2,18,1900-01-00,1900-01-00,High Risk,0,38,38
10944,BOTTM,Bottom-Dollar Markets,1139.1,41,26.15,8,18.55,1900-01-00,Canada,2,14,1900-01-00,1900-01-00,High Risk,3,19.45,38
10781,WARTH,Wartian Herkku,1132.35,58,18.4833,8,30.55,1900-01-00,Finland,2,15,1900-01-00,1900-01-00,High Risk,3,7.45,38
10719,LETSS,Let's Stop N Shop,1125.67,55,31.9466,2,55.05,1900-01-00,USA,0,4,1900-01-00,1900-01-00,Medium Risk,3,7.45,62.5
10469,WHITC,White Clover Markets,1125.5,77,14.8666,3,1.6,1900-01-00,USA,0,14,1900-01-00,1900-01-00,High Risk,3,13.9,15.5
10919,LINOD,LINO-Delicateses,1122.8,68,16.6166,8,4.4,1900-01-00,Venezuela,2,12,1900-01-00,1900-01-00,High Risk,3,14,18.4
10961,QUEEN,Queen Cozinha,1122,66,12.5,8,11,1900-01-00,Brazil,2,13,1900-01-00,1900-01-00,High Risk,2,7,18
10257,HILAA,HILARION-Abastos,1119.9,46,19.9666,1,24.7,1900-01-00,Venezuela,0,18,1900-01-00,1900-01-00,High Risk,3,10.4,35.1
10846,SUPRD,Suprêmes délices,1112,71,15.6666,8,12,1900-01-00,Belgium,2,12,1900-01-00,1900-01-00,High Risk,3,10,22
10356,WANDK,Die Wandernde Kuh,1106.4,62,19.3333,4,18.8,1900-01-00,Germany,0,10,1900-01-00,1900-01-00,High Risk,3,10,28.8
10268,GROSR,GROSELLA-Restaurante,1101.2,14,63.4,1,71.2,1900-01-00,Venezuela,0,2,1900-01-00,1900-01-00,Low Risk,2,27.8,99
11047,EASTC,Eastern Connection,1090.5,55,19.675,7,3.35,1900-01-00,UK,0,8,1900-01-00,1900-01-00,High Risk,2,18,21.35
10643,ALFKI,Alfreds Futterkiste,1086,38,25.2,1,33.6,1900-01-00,Germany,0,6,1900-01-00,1900-01-00,Medium Risk,3,12,45.6
10749,ISLAT,Island Trading,1080,31,37,7,37,1900-01-00,UK,0,10,1900-01-00,1900-01-00,Medium Risk,3,18,55
10439,MEREP,Mère Paillarde,1078,67,19.725,5,22.4,1900-01-00,Canada,0,13,1900-01-00,1900-01-00,High Risk,4,8,30.4
11000,RATTC,Rattlesnake Canyon Grocery,1075,85,13.1666,8,17.5,1900-01-00,USA,2,18,1900-01-00,1900-01-00,High Risk,3,4.5,22
10697,LINOD,LINO-Delicateses,1073.9,76,13.8625,4,8.8,1900-01-00,Venezuela,0,12,1900-01-00,1900-01-00,High Risk,4,9.2,18
10580,OTTIK,Ottilies Käseladen,1067.1,54,17.9833,5,13.6,1900-01-00,Germany,0,10,1900-01-00,1900-01-00,High Risk,3,9.65,23.25
10608,TOMSP,Toms Spezialitäten,1064,28,38,5,0,1900-01-00,Germany,0,6,1900-01-00,1900-01-00,Medium Risk,0,38,38
10387,SANTG,Santé Gourmet,1058.4,48,25.3,1,40.4,1900-01-00,Norway,0,6,1900-01-00,1900-01-00,Medium Risk,4,3.6,44
11076,BONAP,Bon app',1057,50,19.15,8,15.8,1900-01-00,France,2,17,1900-01-00,1900-01-00,High Risk,3,9.2,25
10849,KOENE,Königlich Essen,1052.14,67,20.615,8,21.23,1900-01-00,Germany,2,14,1900-01-00,1900-01-00,High Risk,2,10,31.23
10472,SEVES,Seven Seas Imports,1051.2,98,23,4,38.8,1900-01-00,UK,0,9,1900-01-00,1900-01-00,High Risk,2,3.6,42.4
10296,LILAS,LILA-Supermercado,1050.6,57,19.8333,2,14.9,1900-01-00,Venezuela,0,14,1900-01-00,1900-01-00,High Risk,3,13.9,28.8
10444,BERGS,Berglunds snabbköp,1031.7,63,19.55,4,23.5,1900-01-00,Sweden,0,18,1900-01-00,1900-01-00,High Risk,4,7.7,31.2
10825,DRACD,Drachenblut Delikatessen,1030.76,32,32.015,4,1.57,1900-01-00,Germany,0,6,1900-01-00,1900-01-00,Medium Risk,2,31.23,32.8
11026,FRANS,Franchi S.p.A.,1030,18,57.75,5,9.5,1900-01-00,Italy,0,6,1900-01-00,1900-01-00,Medium Risk,2,53,62.5
10423,GOURL,Gourmet Lanchonetes,1020,34,27,1,34,1900-01-00,Brazil,1,9,1900-01-00,1900-01-00,Medium Risk,2,10,44
10377,SEVES,Seven Seas Imports,1016,40,25.4,2,22,1900-01-00,UK,0,9,1900-01-00,1900-01-00,High Risk,2,14.4,36.4
10902,FOLKO,Folk och fä HB,1015.8,36,36.65,8,25.3,1900-01-00,Sweden,2,19,1900-01-00,1900-01-00,High Risk,2,24,49.3
10982,BOTTM,Bottom-Dollar Markets,1014,29,38,8,16,1900-01-00,Canada,2,14,1900-01-00,1900-01-00,High Risk,2,30,46
10833,OTTIK,Ottilies Käseladen,1007.7,38,25.1,8,20.3,1900-01-00,Germany,2,10,1900-01-00,1900-01-00,High Risk,3,12.5,32.8
10403,ERNSH,Ernst Handel,1005.9,91,12.05,8,3.7,1900-01-00,Austria,2,30,1900-01-00,1900-01-00,High Risk,2,10.2,13.9
10736,HUNGO,Hungry Owl All-Night Grocers,997,60,14.4,8,13.3,1900-01-00,Ireland,2,19,1900-01-00,1900-01-00,High Risk,2,7.75,21.05
10696,WHITC,White Clover Markets,996,38,25.5,8,27,1900-01-00,USA,2,14,1900-01-00,1900-01-00,High Risk,2,12,39
10994,VAFFE,Vaffeljernet,990,18,55,8,0,1900-01-00,Denmark,2,11,1900-01-00,1900-01-00,High Risk,0,55,55
10882,SAVEA,Save-a-lot Markets,988.4,77,13.8166,8,12.55,1900-01-00,USA,2,31,1900-01-00,1900-01-00,High Risk,3,7.45,20
10326,BOLID,Bólido Comidas preparadas,982,90,13.1333,1,11.4,1900-01-00,Spain,0,3,1900-01-00,1900-01-00,Low Risk,3,6.2,17.6
10569,RATTC,Rattlesnake Canyon Grocery,977.5,65,15.25,8,5.5,1900-01-00,USA,2,18,1900-01-00,1900-01-00,High Risk,2,12.5,18
10842,TORTU,Tortuga Restaurante,975,52,23.625,8,33.5,1900-01-00,Mexico,2,10,1900-01-00,1900-01-00,High Risk,4,12.5,46
10721,QUICK,QUICK-Stop,972.5,50,19.45,8,0,1900-01-00,Germany,2,28,1900-01-00,1900-01-00,High Risk,0,19.45,19.45
10563,RICAR,Ricardo Adocicados,965,95,13,5,12,1900-01-00,Brazil,1,11,1900-01-00,1900-01-00,High Risk,2,7,19
11011,ALFKI,Alfreds Futterkiste,960,60,17.375,6,8.25,1900-01-00,Germany,0,6,1900-01-00,1900-01-00,Medium Risk,2,13.25,21.5
10379,QUEDE,Que Delícia,959.2,44,19.8666,3,27.4,1900-01-00,Brazil,1,9,1900-01-00,1900-01-00,Medium Risk,3,7.7,35.1
10913,QUEEN,Queen Cozinha,958.75,85,12.5833,8,19.5,1900-01-00,Brazil,2,13,1900-01-00,1900-01-00,High Risk,3,2.5,22
10677,ANTON,Antonio Moreno Taquería,956.9,38,16.865,5,28.73,1900-01-00,Mexico,0,7,1900-01-00,1900-01-00,Medium Risk,2,2.5,31.23
10304,TORTU,Tortuga Restaurante,954.4,42,25.7333,3,28,1900-01-00,Mexico,0,10,1900-01-00,1900-01-00,High Risk,3,16,44
10333,WARTH,Wartian Herkku,954,60,14.6,4,10.6,1900-01-00,Finland,0,15,1900-01-00,1900-01-00,High Risk,3,8,18.6
10364,EASTC,Eastern Connection,950,35,23,1,11.6,1900-01-00,UK,0,8,1900-01-00,1900-01-00,High Risk,2,17.2,28.8
10529,MAISD,Maison Dewey,946,44,24.1666,1,23.5,1900-01-00,Belgium,0,7,1900-01-00,1900-01-00,High Risk,3,12.5,36
10640,WANDK,Die Wandernde Kuh,945,35,25.5,7,21,1900-01-00,Germany,0,10,1900-01-00,1900-01-00,High Risk,2,15,36
10923,LAMAI,La maison d'Asie,936,44,24.6666,8,32,1900-01-00,France,2,14,1900-01-00,1900-01-00,High Risk,2,14,46
10901,HILAA,HILARION-Abastos,934.5,60,15.575,8,11.85,1900-01-00,Venezuela,2,18,1900-01-00,1900-01-00,High Risk,2,9.65,21.5
10338,OLDWO,Old World Delicatessen,934.5,35,25.95,2,10.5,1900-01-00,USA,0,10,1900-01-00,1900-01-00,High Risk,2,20.7,31.2
10903,HANAR,Hanari Carnes,932.05,81,13.1833,8,15.05,1900-01-00,Brazil,2,14,1900-01-00,1900-01-00,High Risk,3,6,21.05
10828,RANCH,Rancho grande,932,7,172.25,3,182.5,1900-01-00,Argentina,2,5,1900-01-00,1900-01-00,Medium Risk,2,81,263.5
10848,CONSH,Consolidated Holdings,931.5,33,59.175,3,75.65,1900-01-00,UK,0,3,1900-01-00,1900-01-00,Low Risk,2,21.35,97
11066,WHITC,White Clover Markets,928.75,80,13.55,8,8.25,1900-01-00,USA,2,14,1900-01-00,1900-01-00,High Risk,3,9.2,17.45
10347,FAMIA,Familia Arquibaldo,928,70,11.625,1,8.5,1900-01-00,Brazil,1,7,1900-01-00,1900-01-00,Medium Risk,4,6.2,14.7
10487,QUEEN,Queen Cozinha,925.1,59,12.7,3,19,1900-01-00,Brazil,1,13,1900-01-00,1900-01-00,High Risk,3,5.9,24.9
10287,RICAR,Ricardo Adocicados,924,75,11.5666,1,4.3,1900-01-00,Brazil,1,11,1900-01-00,1900-01-00,High Risk,3,9.6,13.9
10933,ISLAT,Island Trading,920.6,32,30.65,8,4.3,1900-01-00,UK,2,10,1900-01-00,1900-01-00,Medium Risk,2,28.5,32.8
10671,FRANR,France restauration,920.1,32,29.2666,1,31.85,1900-01-00,France,0,3,1900-01-00,1900-01-00,Low Risk,3,17.45,49.3
10744,VAFFE,Vaffeljernet,920,50,18.4,7,0,1900-01-00,Denmark,0,11,1900-01-00,1900-01-00,High Risk,0,18.4,18.4
10839,TRADH,Tradição Hipermercados,919.5,45,24.025,6,21.55,1900-01-00,Brazil,1,6,1900-01-00,1900-01-00,Medium Risk,2,13.25,34.8
10630,KOENE,Königlich Essen,918,47,21,8,6,1900-01-00,Germany,2,14,1900-01-00,1900-01-00,High Risk,2,18,24
10876,BONAP,Bon app',917,41,22.625,8,21.25,1900-01-00,France,2,17,1900-01-00,1900-01-00,High Risk,2,12,33.25
10447,RICAR,Ricardo Adocicados,914.4,77,13.7666,3,9.9,1900-01-00,Brazil,1,11,1900-01-00,1900-01-00,High Risk,3,7.3,17.2
10494,COMMI,Comércio Mineiro,912,30,30.4,3,0,1900-01-00,Brazil,1,5,1900-01-00,1900-01-00,Medium Risk,0,30.4,30.4
10976,HILAA,HILARION-Abastos,912,20,45.6,8,0,1900-01-00,Venezuela,2,18,1900-01-00,1900-01-00,High Risk,0,45.6,45.6
10967,TOMSP,Toms Spezialitäten,910.4,52,14.6,6,10.8,1900-01-00,Germany,0,6,1900-01-00,1900-01-00,Medium Risk,2,9.2,20
11050,FOLKO,Folk och fä HB,900,50,18,8,0,1900-01-00,Sweden,2,19,1900-01-00,1900-01-00,High Risk,0,18,18
10383,AROUT,Around the Horn,899,55,16.0666,2,25.6,1900-01-00,UK,0,13,1900-01-00,1900-01-00,High Risk,3,4.8,30.4
10492,BOTTM,Bottom-Dollar Markets,896,80,11.2,5,0,1900-01-00,Canada,0,14,1900-01-00,1900-01-00,High Risk,0,11.2,11.2
10507,ANTON,Antonio Moreno Taquería,881.25,30,29.375,2,33.25,1900-01-00,Mexico,0,7,1900-01-00,1900-01-00,Medium Risk,2,12.75,46
10552,HILAA,HILARION-Abastos,880.5,48,21.875,7,28.25,1900-01-00,Venezuela,0,18,1900-01-00,1900-01-00,High Risk,2,7.75,36
10692,ALFKI,Alfreds Futterkiste,878,20,43.9,2,0,1900-01-00,Germany,0,6,1900-01-00,1900-01-00,Medium Risk,0,43.9,43.9
10774,FOLKO,Folk och fä HB,875,52,14.75,8,4.5,1900-01-00,Sweden,2,19,1900-01-00,1900-01-00,High Risk,2,12.5,17
10642,SIMOB,Simons bistro,870,50,19.25,4,18.5,1900-01-00,Denmark,0,7,1900-01-00,1900-01-00,High Risk,2,10,28.5
10385,SPLIR,Split Rail Beer & Ale,864,38,20.4,5,17.2,1900-01-00,USA,0,9,1900-01-00,1900-01-00,High Risk,3,10,27.2
10890,DUMON,Du monde entier,860.1,39,20.8833,4,29.35,1900-01-00,France,0,4,1900-01-00,1900-01-00,Low Risk,3,9.65,39
10911,GODOS,Godos Cocina Típica,858,37,23.6666,7,25,1900-01-00,Spain,0,10,1900-01-00,1900-01-00,High Risk,3,14,39
11058,BLAUS,Blauer See Delikatessen,858,28,24.1666,7,24,1900-01-00,Germany,0,7,1900-01-00,1900-01-00,Medium Risk,3,10,34
10811,LINOD,LINO-Delicateses,852,63,12.2,6,9.4,1900-01-00,Venezuela,0,12,1900-01-00,1900-01-00,High Risk,3,9,18.4
10433,PRINI,Princesa Isabel Vinhos,851.2,28,30.4,3,0,1900-01-00,Portugal,0,5,1900-01-00,1900-01-00,Medium Risk,0,30.4,30.4
10835,ALFKI,Alfreds Futterkiste,851,17,34,4,42,1900-01-00,Germany,0,6,1900-01-00,1900-01-00,Medium Risk,2,13,55
10790,GOURL,Gourmet Lanchonetes,850,23,34,7,8,1900-01-00,Brazil,1,9,1900-01-00,1900-01-00,Medium Risk,2,30,38
10293,TORTU,Tortuga Restaurante,848.7,33,23.725,2,46.4,1900-01-00,Mexico,0,10,1900-01-00,1900-01-00,High Risk,4,3.6,50
10965,OLDWO,Old World Delicatessen,848,16,53,8,0,1900-01-00,USA,2,10,1900-01-00,1900-01-00,High Risk,0,53,53
10525,BONAP,Bon app',846,45,18.7,6,0.6,1900-01-00,France,0,17,1900-01-00,1900-01-00,High Risk,2,18.4,19
10397,PRINI,Princesa Isabel Vinhos,843.2,28,25.2,2,34.4,1900-01-00,Portugal,0,5,1900-01-00,1900-01-00,Medium Risk,2,8,42.4
10827,BONAP,Bon app',843,36,24.5,8,13,1900-01-00,France,2,17,1900-01-00,1900-01-00,High Risk,2,18,31
10576,TORTU,Tortuga Restaurante,838.45,51,16.65,6,6.95,1900-01-00,Mexico,0,10,1900-01-00,1900-01-00,High Risk,3,12.5,19.45
10931,RICSU,Richter Supermarkt,837,72,12.75,7,13.5,1900-01-00,Switzerland,0,10,1900-01-00,1900-01-00,High Risk,2,6,19.5
10556,SIMOB,Simons bistro,835.2,24,34.8,3,0,1900-01-00,Denmark,0,7,1900-01-00,1900-01-00,High Risk,0,34.8,34.8
10367,VAFFE,Vaffeljernet,834.2,76,11.075,1,10.9,1900-01-00,Denmark,0,11,1900-01-00,1900-01-00,High Risk,4,5.9,16.8
10818,MAGAA,Magazzini Alimentari Riuniti,833,40,20.825,8,22.35,1900-01-00,Italy,2,10,1900-01-00,1900-01-00,Medium Risk,2,9.65,32
10502,PERIC,Pericles Comidas clásicas,816.3,57,18.7666,4,23.3,1900-01-00,Mexico,0,6,1900-01-00,1900-01-00,Medium Risk,3,9.5,32.8
10591,VAFFE,Vaffeljernet,812.5,74,15.8166,4,22.55,1900-01-00,Denmark,0,11,1900-01-00,1900-01-00,High Risk,3,7.45,30
10611,WOLZA,Wolski  Zajazd,808,31,23.6666,2,16,1900-01-00,Poland,0,7,1900-01-00,1900-01-00,Medium Risk,3,18,34
10587,QUEDE,Que Delícia,807.38,46,20.7433,5,18.23,1900-01-00,Brazil,1,9,1900-01-00,1900-01-00,Medium Risk,3,13,31.23
10410,BOTTM,Bottom-Dollar Markets,802,65,23,2,42,1900-01-00,Canada,0,14,1900-01-00,1900-01-00,High Risk,2,2,44
10685,GOURL,Gourmet Lanchonetes,801.1,39,16.7166,3,21.5,1900-01-00,Brazil,1,9,1900-01-00,1900-01-00,Medium Risk,3,9.5,31
10597,PICCO,Piccolo und mehr,800.1,67,15.0166,6,16.55,1900-01-00,Austria,0,10,1900-01-00,1900-01-00,High Risk,3,4.5,21.05
10927,LACOR,La corne d'abondance,800,30,35.3333,2,74,1900-01-00,France,0,4,1900-01-00,1900-01-00,Medium Risk,3,7,81
10983,SAVEA,Save-a-lot Markets,796.5,99,12.75,8,13.5,1900-01-00,USA,2,31,1900-01-00,1900-01-00,High Risk,2,6,19.5
10532,EASTC,Eastern Connection,796.35,39,21.445,3,8.89,1900-01-00,UK,0,8,1900-01-00,1900-01-00,High Risk,2,17,25.89
10958,OCEAN,Océano Atlántico Ltda.,781,31,28.7166,4,13.45,1900-01-00,Argentina,0,5,1900-01-00,1900-01-00,Medium Risk,3,21.35,34.8
10788,QUICK,QUICK-Stop,770,90,8.475,8,1.45,1900-01-00,Germany,2,28,1900-01-00,1900-01-00,High Risk,2,7.75,9.2
10574,TRAIH,Trail's Head Gourmet Provisioners,764.3,32,25.8625,1,46.8,1900-01-00,USA,0,3,1900-01-00,1900-01-00,Low Risk,4,2.5,49.3
10621,ISLAT,Island Trading,758.5,50,13.675,5,12.5,1900-01-00,UK,0,10,1900-01-00,1900-01-00,Medium Risk,4,9,21.5
10480,FOLIG,Folies gourmandes,756,42,25.8,2,36.4,1900-01-00,France,0,5,1900-01-00,1900-01-00,High Risk,2,7.6,44
10301,WANDK,Die Wandernde Kuh,755,30,22.55,1,15.7,1900-01-00,Germany,0,10,1900-01-00,1900-01-00,High Risk,2,14.7,30.4
11038,SUPRD,Suprêmes délices,751,37,15.6333,8,14.5,1900-01-00,Belgium,2,12,1900-01-00,1900-01-00,High Risk,3,7,21.5
10896,MAISD,Maison Dewey,750.5,31,23.75,5,28.5,1900-01-00,Belgium,0,7,1900-01-00,1900-01-00,High Risk,2,9.5,38
10939,MAGAA,Magazzini Alimentari Riuniti,750,50,16.5,8,5,1900-01-00,Italy,2,10,1900-01-00,1900-01-00,Medium Risk,2,14,19
10550,GODOS,Godos Cocina Típica,749,34,21.675,2,29.8,1900-01-00,Spain,0,10,1900-01-00,1900-01-00,High Risk,4,9.2,39
11020,OTTIK,Ottilies Käseladen,744,24,31,8,0,1900-01-00,Germany,2,10,1900-01-00,1900-01-00,High Risk,0,31,31
10922,HANAR,Hanari Carnes,742.5,50,21.75,8,34.5,1900-01-00,Brazil,2,14,1900-01-00,1900-01-00,High Risk,2,4.5,39
10850,VICTE,Victuailles en stock,740,54,10.5,8,12.5,1900-01-00,France,2,10,1900-01-00,1900-01-00,Medium Risk,3,2.5,15
10844,PICCO,Piccolo und mehr,735,35,21,8,0,1900-01-00,Austria,2,10,1900-01-00,1900-01-00,High Risk,0,21,21
10826,BLONP,Blondesddsl père et fils,730,50,16,8,7,1900-01-00,France,2,11,1900-01-00,1900-01-00,High Risk,2,12.5,19.5
10875,BERGS,Berglunds snabbköp,729.5,61,12.9,8,10.8,1900-01-00,Sweden,2,18,1900-01-00,1900-01-00,High Risk,3,9.2,20
10264,FOLKO,Folk och fä HB,724.5,60,11.45,1,7.5,1900-01-00,Sweden,0,19,1900-01-00,1900-01-00,High Risk,2,7.7,15.2
10780,LILAS,LILA-Supermercado,720,50,14,8,2,1900-01-00,Venezuela,2,14,1900-01-00,1900-01-00,High Risk,2,13,15
10416,WARTH,Wartian Herkku,720,50,16.3666,6,18.9,1900-01-00,Finland,0,15,1900-01-00,1900-01-00,High Risk,3,7.3,26.2
10468,KOENE,Königlich Essen,717.6,23,28.75,5,16.1,1900-01-00,Germany,0,14,1900-01-00,1900-01-00,High Risk,2,20.7,36.8
10975,BOTTM,Bottom-Dollar Markets,717.5,26,23.875,8,32.25,1900-01-00,Canada,2,14,1900-01-00,1900-01-00,High Risk,2,7.75,40
10350,LAMAI,La maison d'Asie,713.4,33,20.9,1,15.8,1900-01-00,France,0,14,1900-01-00,1900-01-00,High Risk,2,13,28.8
10463,SUPRD,Suprêmes délices,713.3,71,9.25,4,3.9,1900-01-00,Belgium,0,12,1900-01-00,1900-01-00,High Risk,2,7.3,11.2
10565,MEREP,Mère Paillarde,711,43,18.875,7,28.75,1900-01-00,Canada,0,13,1900-01-00,1900-01-00,High Risk,2,4.5,33.25
10943,BSBEV,B's Beverages,711,51,13,8,15,1900-01-00,UK,2,10,1900-01-00,1900-01-00,Medium Risk,3,6,21
10716,RANCH,Rancho grande,706,22,30.5,2,43,1900-01-00,Argentina,0,5,1900-01-00,1900-01-00,Medium Risk,3,10,53
10483,WHITC,White Clover Markets,704,65,10.8,4,0.8,1900-01-00,USA,0,14,1900-01-00,1900-01-00,High Risk,2,10.4,11.2
10661,HUNGO,Hungry Owl All-Night Grocers,703.25,52,15.625,8,4.75,1900-01-00,Ireland,2,19,1900-01-00,1900-01-00,High Risk,2,13.25,18
11009,GODOS,Godos Cocina Típica,702,39,19.1666,8,29.5,1900-01-00,Spain,2,10,1900-01-00,1900-01-00,High Risk,3,4.5,34
10935,WELLI,Wellington Importadora,700,33,29.8333,8,53.5,1900-01-00,Brazil,2,9,1900-01-00,1900-01-00,Medium Risk,3,9,62.5
10908,REGGC,Reggiani Caseifici,698,34,18.5,8,23,1900-01-00,Italy,2,12,1900-01-00,1900-01-00,Medium Risk,2,7,30
10668,WANDK,Die Wandernde Kuh,694.75,27,23.25,8,20.75,1900-01-00,Germany,2,10,1900-01-00,1900-01-00,High Risk,3,12.5,33.25
10916,RANCH,Rancho grande,686.7,32,22.9833,4,14.55,1900-01-00,Argentina,0,5,1900-01-00,1900-01-00,Medium Risk,3,17.45,32
10998,WOLZA,Wolski  Zajazd,686,69,12.6875,6,24,1900-01-00,Poland,0,7,1900-01-00,1900-01-00,Medium Risk,4,4.5,28.5
10821,SPLIR,Split Rail Beer & Ale,678,26,35.5,8,35,1900-01-00,USA,2,9,1900-01-00,1900-01-00,High Risk,2,18,53
10956,BLAUS,Blauer See Delikatessen,677,34,24.1666,6,43.5,1900-01-00,Germany,0,7,1900-01-00,1900-01-00,Medium Risk,3,9.5,53
10493,LAMAI,La maison d'Asie,676,35,19.7333,7,15.2,1900-01-00,France,0,14,1900-01-00,1900-01-00,High Risk,3,13.6,28.8
10269,WHITC,White Clover Markets,676,80,14.9,1,25.8,1900-01-00,USA,0,14,1900-01-00,1900-01-00,High Risk,2,2,27.8
10477,PRINI,Princesa Isabel Vinhos,672,56,12.2666,4,6.4,1900-01-00,Portugal,0,5,1900-01-00,1900-01-00,Medium Risk,2,8,14.4
10656,GREAL,Great Lakes Food Market,671.35,37,17.4,5,13.75,1900-01-00,USA,0,11,1900-01-00,1900-01-00,High Risk,3,9.5,23.25
10251,VICTE,Victuailles en stock,670.8,41,16.4,1,1.2,1900-01-00,France,0,10,1900-01-00,1900-01-00,Medium Risk,2,15.6,16.8
10909,SANTG,Santé Gourmet,670,32,19.0333,5,20.35,1900-01-00,Norway,0,6,1900-01-00,1900-01-00,Medium Risk,3,9.65,30
10654,BERGS,Berglunds snabbköp,668.7,38,15.8166,8,14.55,1900-01-00,Sweden,2,18,1900-01-00,1900-01-00,High Risk,3,7.45,22
10679,BLONP,Blondesddsl père et fils,660,12,55,8,0,1900-01-00,France,2,11,1900-01-00,1900-01-00,High Risk,0,55,55
10856,ANTON,Antonio Moreno Taquería,660,40,16.5,7,5,1900-01-00,Mexico,0,7,1900-01-00,1900-01-00,Medium Risk,2,14,19
10456,KOENE,Königlich Essen,656,61,12,3,8,1900-01-00,Germany,0,14,1900-01-00,1900-01-00,High Risk,2,8,16
10726,EASTC,Eastern Connection,655,30,21.5,4,1,1900-01-00,UK,0,8,1900-01-00,1900-01-00,High Risk,2,21,22
10427,PICCO,Piccolo und mehr,651,35,18.6,3,0,1900-01-00,Austria,0,10,1900-01-00,1900-01-00,High Risk,0,18.6,18.6
10858,LACOR,La corne d'abondance,649,19,29.6333,1,28.9,1900-01-00,France,0,4,1900-01-00,1900-01-00,Medium Risk,3,15,43.9
10813,RICAR,Ricardo Adocicados,648,47,15.5,8,7,1900-01-00,Brazil,2,11,1900-01-00,1900-01-00,High Risk,2,12,19
10571,ERNSH,Ernst Handel,647.75,39,18.625,8,9.25,1900-01-00,Austria,2,30,1900-01-00,1900-01-00,High Risk,2,14,23.25
11010,REGGC,Reggiani Caseifici,645,30,17.25,8,25.5,1900-01-00,Italy,2,12,1900-01-00,1900-01-00,Medium Risk,2,4.5,30
10937,CACTU,Cactus Comidas para llevar,644.8,28,29.8,5,31.6,1900-01-00,Argentina,0,6,1900-01-00,1900-01-00,Medium Risk,2,14,45.6
10695,WILMK,Wilman Kala,642,34,27.5,3,35.5,1900-01-00,Finland,0,7,1900-01-00,1900-01-00,Medium Risk,3,4.5,40
10724,MEREP,Mère Paillarde,638.5,21,29.75,8,2.5,1900-01-00,Canada,2,13,1900-01-00,1900-01-00,High Risk,2,28.5,31
10647,QUEDE,Que Delícia,636,50,13.6,6,8.8,1900-01-00,Brazil,1,9,1900-01-00,1900-01-00,Medium Risk,2,9.2,18
10435,CONSH,Consolidated Holdings,631.6,32,19.9333,1,12.6,1900-01-00,UK,0,3,1900-01-00,1900-01-00,Low Risk,3,15.2,27.8
10689,BERGS,Berglunds snabbköp,630,35,18,8,0,1900-01-00,Sweden,2,18,1900-01-00,1900-01-00,High Risk,0,18,18
10636,WARTH,Wartian Herkku,629.5,31,17.625,8,8.75,1900-01-00,Finland,2,15,1900-01-00,1900-01-00,High Risk,2,13.25,22
10761,RATTC,Rattlesnake Canyon Grocery,629.5,53,10.875,8,6.25,1900-01-00,USA,2,18,1900-01-00,1900-01-00,High Risk,2,7.75,14
10254,CHOPS,Chop-suey Chinese,625.2,57,10.2666,1,15.6,1900-01-00,Switzerland,0,8,1900-01-00,1900-01-00,High Risk,3,3.6,19.2
10853,BLAUS,Blauer See Delikatessen,625,10,62.5,5,0,1900-01-00,Germany,0,7,1900-01-00,1900-01-00,Medium Risk,0,62.5,62.5
10584,BLONP,Blondesddsl père et fils,625,50,12.5,8,0,1900-01-00,France,2,11,1900-01-00,1900-01-00,High Risk,0,12.5,12.5
10262,RATTC,Rattlesnake Canyon Grocery,624.8,29,23.8,1,13.4,1900-01-00,USA,0,18,1900-01-00,1900-01-00,High Risk,3,17,30.4
11015,SANTG,Santé Gourmet,622.35,33,19.445,6,12.89,1900-01-00,Norway,0,6,1900-01-00,1900-01-00,Medium Risk,2,13,25.89
10632,WANDK,Die Wandernde Kuh,620,50,10.75,6,16.5,1900-01-00,Germany,0,10,1900-01-00,1900-01-00,High Risk,2,2.5,19
10512,FAMIA,Familia Arquibaldo,618,37,15,4,29.5,1900-01-00,Brazil,1,7,1900-01-00,1900-01-00,Medium Risk,4,4.5,34
10763,FOLIG,Folies gourmandes,616,66,11.8333,4,16.5,1900-01-00,France,0,5,1900-01-00,1900-01-00,High Risk,3,4.5,21
10280,BERGS,Berglunds snabbköp,613.2,62,9.6666,2,15.6,1900-01-00,Sweden,0,18,1900-01-00,1900-01-00,High Risk,3,3.6,19.2
10879,WILMK,Wilman Kala,611.3,32,19.15,5,3.05,1900-01-00,Finland,0,7,1900-01-00,1900-01-00,Medium Risk,3,18,21.05
10300,MAGAA,Magazzini Alimentari Riuniti,608,50,11.8,2,3.6,1900-01-00,Italy,0,10,1900-01-00,1900-01-00,Medium Risk,2,10,13.6
10888,GODOS,Godos Cocina Típica,605,38,15.75,6,6.5,1900-01-00,Spain,0,10,1900-01-00,1900-01-00,High Risk,2,12.5,19
10622,RICAR,Ricardo Adocicados,605,38,15.75,6,6.5,1900-01-00,Brazil,1,11,1900-01-00,1900-01-00,High Risk,2,12.5,19
10735,LETSS,Let's Stop N Shop,596,22,20.75,3,15.5,1900-01-00,USA,0,4,1900-01-00,1900-01-00,Medium Risk,2,13,28.5
10704,QUEEN,Queen Cozinha,595.5,65,13.0833,6,17.5,1900-01-00,Brazil,1,13,1900-01-00,1900-01-00,High Risk,3,4.5,22
11044,WOLZA,Wolski  Zajazd,591.6,12,49.3,7,0,1900-01-00,Poland,0,7,1900-01-00,1900-01-00,Medium Risk,0,49.3,49.3
11005,WILMK,Wilman Kala,586,12,36.5,7,37,1900-01-00,Finland,0,7,1900-01-00,1900-01-00,Medium Risk,2,18,55
11075,RICSU,Richter Supermarkt,586,42,16.3333,8,7,1900-01-00,Switzerland,2,10,1900-01-00,1900-01-00,High Risk,3,12,19
10862,LEHMS,Lehmanns Marktstand,581,33,14,8,14,1900-01-00,Germany,2,15,1900-01-00,1900-01-00,High Risk,2,7,21
10498,HILAA,HILARION-Abastos,575,49,12.3,6,13.9,1900-01-00,Venezuela,0,18,1900-01-00,1900-01-00,High Risk,3,4.5,18.4
10806,VICTE,Victuailles en stock,572.1,37,16.6833,7,11.05,1900-01-00,France,0,10,1900-01-00,1900-01-00,Medium Risk,3,10,21.05
10669,SIMOB,Simons bistro,570,30,19,5,0,1900-01-00,Denmark,0,7,1900-01-00,1900-01-00,High Risk,0,19,19
10936,GREAL,Great Lakes Food Market,570,30,19,8,0,1900-01-00,USA,2,11,1900-01-00,1900-01-00,High Risk,0,19,19
10577,TRAIH,Trail's Head Gourmet Provisioners,569,48,12.9166,2,10.25,1900-01-00,USA,0,3,1900-01-00,1900-01-00,Low Risk,3,7.75,18
10832,LAMAI,La maison d'Asie,568.95,32,18.175,8,27.25,1900-01-00,France,2,14,1900-01-00,1900-01-00,High Risk,4,6,33.25
10354,PERIC,Pericles Comidas clásicas,568.8,16,56.7,2,84.6,1900-01-00,Mexico,2,6,1900-01-00,1900-01-00,Medium Risk,2,14.4,99
10438,TOMSP,Toms Spezialitäten,567.5,50,11.3666,2,8.3,1900-01-00,Germany,0,6,1900-01-00,1900-01-00,Medium Risk,3,7.3,15.6
10594,OLDWO,Old World Delicatessen,565.5,54,10.125,4,6.25,1900-01-00,USA,0,10,1900-01-00,1900-01-00,High Risk,2,7,13.25
10996,QUICK,QUICK-Stop,560,40,14,8,0,1900-01-00,Germany,2,28,1900-01-00,1900-01-00,High Risk,0,14,14
10942,REGGC,Reggiani Caseifici,560,28,20,8,0,1900-01-00,Italy,2,12,1900-01-00,1900-01-00,Medium Risk,0,20,20
10925,HANAR,Hanari Carnes,559,37,13,8,12,1900-01-00,Brazil,2,14,1900-01-00,1900-01-00,High Risk,2,7,19
11034,OLDWO,Old World Delicatessen,554.4,33,19.3166,8,18.5,1900-01-00,USA,2,10,1900-01-00,1900-01-00,High Risk,3,10,28.5
10291,QUEDE,Que Delícia,552.8,46,20.9,2,37.6,1900-01-00,Brazil,1,9,1900-01-00,1900-01-00,Medium Risk,3,4.8,42.4
10500,LAMAI,La maison d'Asie,550.8,20,30.55,8,30.1,1900-01-00,France,2,14,1900-01-00,1900-01-00,High Risk,2,15.5,45.6
10720,QUEDE,Que Delícia,550,29,19.75,7,3.5,1900-01-00,Brazil,1,9,1900-01-00,1900-01-00,Medium Risk,2,18,21.5
10559,BLONP,Blondesddsl père et fils,547.8,30,16.825,6,14.35,1900-01-00,France,0,11,1900-01-00,1900-01-00,High Risk,2,9.65,24
10592,LEHMS,Lehmanns Marktstand,543.65,30,23.365,8,15.73,1900-01-00,Germany,2,15,1900-01-00,1900-01-00,High Risk,2,15.5,31.23
10562,REGGC,Reggiani Caseifici,543,30,25.9,4,46.8,1900-01-00,Italy,0,12,1900-01-00,1900-01-00,Medium Risk,2,2.5,49.3
10915,TORTU,Tortuga Restaurante,539.5,50,16.3166,8,36.5,1900-01-00,Mexico,2,10,1900-01-00,1900-01-00,High Risk,3,2.5,39
10274,VINET,Vins et alcools Chevalier,538.6,27,22.5,2,10.6,1900-01-00,France,0,5,1900-01-00,1900-01-00,Medium Risk,2,17.2,27.8
10443,REGGC,Reggiani Caseifici,537.6,18,26.6,3,19.6,1900-01-00,Italy,0,12,1900-01-00,1900-01-00,Medium Risk,2,16.8,36.4
10914,QUEEN,Queen Cozinha,537.5,25,21.5,8,0,1900-01-00,Brazil,2,13,1900-01-00,1900-01-00,High Risk,0,21.5,21.5
10676,TORTU,Tortuga Restaurante,534.85,30,19.8833,7,21.8,1900-01-00,Mexico,0,10,1900-01-00,1900-01-00,High Risk,3,9.2,31
10450,VICTE,Victuailles en stock,531.4,26,15.35,3,18.9,1900-01-00,France,0,10,1900-01-00,1900-01-00,Medium Risk,2,5.9,24.8
10651,WANDK,Die Wandernde Kuh,530.4,32,15.1,8,11.8,1900-01-00,Germany,2,10,1900-01-00,1900-01-00,High Risk,2,9.2,21
11048,BOTTM,Bottom-Dollar Markets,525,42,12.5,8,0,1900-01-00,Canada,2,14,1900-01-00,1900-01-00,High Risk,0,12.5,12.5
10860,FRANR,France restauration,519,23,35.5,2,35,1900-01-00,France,0,3,1900-01-00,1900-01-00,Low Risk,2,18,53
10863,HILAA,HILARION-Abastos,519,32,15.625,8,4.75,1900-01-00,Venezuela,2,18,1900-01-00,1900-01-00,High Risk,2,13.25,18
10256,WELLI,Wellington Importadora,517.8,27,18.3,1,15.8,1900-01-00,Brazil,1,9,1900-01-00,1900-01-00,Medium Risk,2,10.4,26.2
10534,LEHMS,Lehmanns Marktstand,517.4,30,17.2466,6,18.44,1900-01-00,Germany,0,15,1900-01-00,1900-01-00,High Risk,3,7.45,25.89
10315,ISLAT,Island Trading,516.8,44,11.6,1,0.8,1900-01-00,UK,0,10,1900-01-00,1900-01-00,Medium Risk,2,11.2,12
10320,WARTH,Wartian Herkku,516,30,17.2,3,0,1900-01-00,Finland,0,15,1900-01-00,1900-01-00,High Risk,0,17.2,17.2
10926,ANATR,Ana Trujillo Emparedados y helados,514.4,29,17.75,4,28.8,1900-01-00,Mexico,0,4,1900-01-00,1900-01-00,Medium Risk,4,6,34.8
11061,GREAL,Great Lakes Food Market,510,15,34,8,0,1900-01-00,USA,2,11,1900-01-00,1900-01-00,High Risk,0,34,34
11071,LILAS,LILA-Supermercado,510,25,18,8,24,1900-01-00,Venezuela,2,14,1900-01-00,1900-01-00,High Risk,2,6,30
10730,BONAP,Bon app',509.75,28,17,8,8.55,1900-01-00,France,2,17,1900-01-00,1900-01-00,High Risk,3,12.5,21.05
11062,REGGC,Reggiani Caseifici,508,22,23.9,8,17.8,1900-01-00,Italy,2,12,1900-01-00,1900-01-00,Medium Risk,2,15,32.8
10489,PICCO,Piccolo und mehr,502.2,33,15.35,4,2.9,1900-01-00,Austria,0,10,1900-01-00,1900-01-00,High Risk,2,13.9,16.8
10934,LEHMS,Lehmanns Marktstand,500,20,25,8,0,1900-01-00,Germany,2,15,1900-01-00,1900-01-00,High Risk,0,25,25
10639,SANTG,Santé Gourmet,500,8,62.5,3,0,1900-01-00,Norway,0,6,1900-01-00,1900-01-00,Medium Risk,0,62.5,62.5
10306,ROMEY,Romero y tomillo,498.5,25,17.6,3,20.3,1900-01-00,Spain,0,5,1900-01-00,1900-01-00,Medium Risk,3,5.9,26.2
10478,VICTE,Victuailles en stock,496,20,24.8,5,0,1900-01-00,France,0,10,1900-01-00,1900-01-00,Medium Risk,0,24.8,24.8
10542,KOENE,Königlich Essen,493.8,39,14.225,7,13.55,1900-01-00,Germany,0,14,1900-01-00,1900-01-00,High Risk,2,7.45,21
10599,BSBEV,B's Beverages,493,10,49.3,7,0,1900-01-00,UK,0,10,1900-01-00,1900-01-00,Medium Risk,0,49.3,49.3
11016,AROUT,Around the Horn,491.5,31,15.75,8,6.5,1900-01-00,UK,2,13,1900-01-00,1900-01-00,High Risk,2,12.5,19
10952,ALFKI,Alfreds Futterkiste,491.2,18,35.3,5,20.6,1900-01-00,Germany,0,6,1900-01-00,1900-01-00,Medium Risk,2,25,45.6
10432,SPLIR,Split Rail Beer & Ale,485,50,15.4,6,19,1900-01-00,USA,0,9,1900-01-00,1900-01-00,High Risk,2,5.9,24.9
10951,RICSU,Richter Supermarkt,482.9,71,6.6333,8,7.15,1900-01-00,Switzerland,2,10,1900-01-00,1900-01-00,High Risk,3,2.5,9.65
10355,AROUT,Around the Horn,480,50,9.6,1,12,1900-01-00,UK,0,13,1900-01-00,1900-01-00,High Risk,2,3.6,15.6
10425,LAMAI,La maison d'Asie,480,30,16.8,5,4.8,1900-01-00,France,0,14,1900-01-00,1900-01-00,High Risk,2,14.4,19.2
10600,HUNGC,Hungry Coyote Import Store,479.8,34,11.225,4,7.55,1900-01-00,USA,0,5,1900-01-00,1900-01-00,Low Risk,2,7.45,15
10625,ANATR,Ana Trujillo Emparedados y helados,479.75,18,23.75,2,20,1900-01-00,Mexico,0,4,1900-01-00,1900-01-00,Medium Risk,3,14,34
10289,BSBEV,B's Beverages,479.4,39,17.3,1,18.6,1900-01-00,UK,0,10,1900-01-00,1900-01-00,Medium Risk,2,8,26.6
10578,BSBEV,B's Beverages,477,26,18.75,6,1.5,1900-01-00,UK,0,10,1900-01-00,1900-01-00,Medium Risk,2,18,19.5
10819,CACTU,Cactus Comidas para llevar,477,27,26.875,3,38.25,1900-01-00,Argentina,0,6,1900-01-00,1900-01-00,Medium Risk,2,7.75,46
10723,WHITC,White Clover Markets,468.45,15,31.23,8,0,1900-01-00,USA,2,14,1900-01-00,1900-01-00,High Risk,0,31.23,31.23
10279,LEHMS,Lehmanns Marktstand,468,15,31.2,1,0,1900-01-00,Germany,0,15,1900-01-00,1900-01-00,High Risk,0,31.2,31.2
10614,BLAUS,Blauer See Delikatessen,464,27,16.3333,4,11,1900-01-00,Germany,0,7,1900-01-00,1900-01-00,Medium Risk,3,10,21
10506,KOENE,Königlich Essen,462,32,14.5,6,1,1900-01-00,Germany,0,14,1900-01-00,1900-01-00,High Risk,2,14,15
10374,WOLZA,Wolski  Zajazd,459,45,10.3,1,0.6,1900-01-00,Poland,0,7,1900-01-00,1900-01-00,Medium Risk,2,10,10.6
10453,AROUT,Around the Horn,453,40,11.1,3,1.8,1900-01-00,UK,0,13,1900-01-00,1900-01-00,High Risk,2,10.2,12
10910,WILMK,Wilman Kala,452.9,27,19.2333,6,19.3,1900-01-00,Finland,0,7,1900-01-00,1900-01-00,Medium Risk,3,9.2,28.5
10358,LAMAI,La maison d'Asie,452,40,10,2,11.6,1900-01-00,France,0,14,1900-01-00,1900-01-00,High Risk,3,3.6,15.2
10628,BLONP,Blondesddsl père et fils,450,25,18,8,0,1900-01-00,France,2,11,1900-01-00,1900-01-00,High Risk,0,18,18
10261,QUEDE,Que Delícia,448,40,11.2,1,6.4,1900-01-00,Brazil,1,9,1900-01-00,1900-01-00,Medium Risk,2,8,14.4
10363,DRACD,Drachenblut Delikatessen,447.2,44,10.2,1,8.2,1900-01-00,Germany,0,6,1900-01-00,1900-01-00,Medium Risk,3,6.2,14.4
10798,ISLAT,Island Trading,446.6,12,42.05,8,14.5,1900-01-00,UK,2,10,1900-01-00,1900-01-00,Medium Risk,2,34.8,49.3
10448,RANCH,Rancho grande,443.4,26,19.8,1,10.2,1900-01-00,Argentina,0,5,1900-01-00,1900-01-00,Medium Risk,2,14.7,24.9
10394,HUNGC,Hungry Coyote Import Store,442,20,22.1,2,34.6,1900-01-00,USA,0,5,1900-01-00,1900-01-00,Low Risk,2,4.8,39.4
10248,VINET,Vins et alcools Chevalier,440,27,19.5333,1,25,1900-01-00,France,0,5,1900-01-00,1900-01-00,Medium Risk,3,9.8,34.8
10974,SPLIR,Split Rail Beer & Ale,439,10,43.9,8,0,1900-01-00,USA,2,9,1900-01-00,1900-01-00,High Risk,0,43.9,43.9
10906,WOLZA,Wolski  Zajazd,427.5,15,28.5,5,0,1900-01-00,Poland,0,7,1900-01-00,1900-01-00,Medium Risk,0,28.5,28.5
10307,LONEP,Lonesome Pine Restaurant,424,13,24.7,1,29.4,1900-01-00,USA,0,8,1900-01-00,1900-01-00,Medium Risk,2,10,39.4
10609,DUMON,Du monde entier,424,19,19.6666,2,21,1900-01-00,France,0,4,1900-01-00,1900-01-00,Low Risk,3,10,31
10797,DRACD,Drachenblut Delikatessen,420,20,21,3,0,1900-01-00,Germany,0,6,1900-01-00,1900-01-00,Medium Risk,0,21,21
10376,MEREP,Mère Paillarde,420,42,10,3,0,1900-01-00,Canada,0,13,1900-01-00,1900-01-00,High Risk,0,10,10
10276,TORTU,Tortuga Restaurante,420,25,14.8,1,20,1900-01-00,Mexico,0,10,1900-01-00,1900-01-00,High Risk,2,4.8,24.8
10544,LONEP,Lonesome Pine Restaurant,417.2,14,29.8,3,31.6,1900-01-00,USA,0,8,1900-01-00,1900-01-00,Medium Risk,2,14,45.6
10454,LAMAI,La maison d'Asie,414,50,8.5,6,11.9,1900-01-00,France,0,14,1900-01-00,1900-01-00,High Risk,3,2,13.9
10673,WILMK,Wilman Kala,412.35,15,25.8166,2,32,1900-01-00,Finland,0,7,1900-01-00,1900-01-00,Medium Risk,3,14,46
10341,SIMOB,Simons bistro,412,17,23,1,42,1900-01-00,Denmark,0,7,1900-01-00,1900-01-00,High Risk,2,2,44
11042,COMMI,Comércio Mineiro,405.75,19,23.975,5,9.05,1900-01-00,Brazil,1,5,1900-01-00,1900-01-00,Medium Risk,2,19.45,28.5
10365,ANTON,Antonio Moreno Taquería,403.2,24,16.8,1,0,1900-01-00,Mexico,0,7,1900-01-00,1900-01-00,Medium Risk,0,16.8,16.8
10405,LINOD,LINO-Delicateses,400,50,8,1,0,1900-01-00,Venezuela,0,12,1900-01-00,1900-01-00,High Risk,0,8,8
10792,WOLZA,Wolski  Zajazd,399.85,28,12.9833,3,11.55,1900-01-00,Poland,0,7,1900-01-00,1900-01-00,Medium Risk,3,7.45,19
10610,LAMAI,La maison d'Asie,399,21,19,8,0,1900-01-00,France,2,14,1900-01-00,1900-01-00,High Risk,0,19,19
10528,GREAL,Great Lakes Food Market,396.2,20,19.4333,1,32.3,1900-01-00,USA,0,11,1900-01-00,1900-01-00,High Risk,3,2.5,34.8
10348,WANDK,Die Wandernde Kuh,396,40,10.8,3,7.2,1900-01-00,Germany,0,10,1900-01-00,1900-01-00,High Risk,2,7.2,14.4
10794,QUEDE,Que Delícia,393.45,21,15.35,8,15.8,1900-01-00,Brazil,2,9,1900-01-00,1900-01-00,Medium Risk,2,7.45,23.25
10437,WARTH,Wartian Herkku,393,15,26.2,7,0,1900-01-00,Finland,0,15,1900-01-00,1900-01-00,High Risk,0,26.2,26.2
11006,GREAL,Great Lakes Food Market,391.58,10,70.895,8,105.79,1900-01-00,USA,2,11,1900-01-00,1900-01-00,High Risk,2,18,123.79
10920,AROUT,Around the Horn,390,24,16.25,8,0,1900-01-00,UK,2,13,1900-01-00,1900-01-00,High Risk,0,16.25,16.25
10891,LEHMS,Lehmanns Marktstand,388.35,15,25.89,8,0,1900-01-00,Germany,2,15,1900-01-00,1900-01-00,High Risk,0,25.89,25.89
10785,GROSR,GROSELLA-Restaurante,387.5,20,19.375,2,23.25,1900-01-00,Venezuela,0,2,1900-01-00,1900-01-00,Low Risk,2,7.75,31
10581,FAMIA,Familia Arquibaldo,387.5,50,7.75,5,0,1900-01-00,Brazil,1,7,1900-01-00,1900-01-00,Medium Risk,0,7.75,7.75
10484,BSBEV,B's Beverages,386.2,27,21.7,3,34.4,1900-01-00,UK,0,10,1900-01-00,1900-01-00,Medium Risk,3,8,42.4
10648,RICAR,Ricardo Adocicados,382.5,30,12.75,7,16.5,1900-01-00,Brazil,1,11,1900-01-00,1900-01-00,High Risk,2,4.5,21
10705,HILAA,HILARION-Abastos,378,24,22.25,8,19.5,1900-01-00,Venezuela,2,18,1900-01-00,1900-01-00,High Risk,2,12.5,32
10682,ANTON,Antonio Moreno Taquería,375.5,64,9.0833,6,14.5,1900-01-00,Mexico,0,7,1900-01-00,1900-01-00,Medium Risk,3,2.5,17
10412,WARTH,Wartian Herkku,372,20,18.6,5,0,1900-01-00,Finland,0,15,1900-01-00,1900-01-00,High Risk,0,18.6,18.6
10917,ROMEY,Romero y tomillo,365.89,11,29.945,4,8.11,1900-01-00,Spain,0,5,1900-01-00,1900-01-00,Medium Risk,2,25.89,34
10266,WARTH,Wartian Herkku,364.8,12,30.4,1,0,1900-01-00,Finland,0,15,1900-01-00,1900-01-00,High Risk,0,30.4,30.4
11013,ROMEY,Romero y tomillo,361,36,11.25,5,5,1900-01-00,Spain,0,5,1900-01-00,1900-01-00,Medium Risk,4,9,14
11069,TORTU,Tortuga Restaurante,360,20,18,8,0,1900-01-00,Mexico,2,10,1900-01-00,1900-01-00,High Risk,0,18,18
10905,WELLI,Wellington Importadora,360,20,18,8,0,1900-01-00,Brazil,2,9,1900-01-00,1900-01-00,Medium Risk,0,18,18
10732,BONAP,Bon app',360,20,18,8,0,1900-01-00,France,2,17,1900-01-00,1900-01-00,High Risk,0,18,18
10940,BONAP,Bon app',360,28,18,8,24,1900-01-00,France,2,17,1900-01-00,1900-01-00,High Risk,2,6,30
10434,FOLKO,Folk och fä HB,360,24,15.6,4,2.4,1900-01-00,Sweden,0,19,1900-01-00,1900-01-00,High Risk,2,14.4,16.8
10613,HILAA,HILARION-Abastos,358,48,6.875,8,1.75,1900-01-00,Venezuela,2,18,1900-01-00,1900-01-00,High Risk,2,6,7.75
10539,BSBEV,B's Beverages,355.5,44,9.625,5,17.5,1900-01-00,UK,0,10,1900-01-00,1900-01-00,Medium Risk,4,2.5,20
10517,NORTS,North/South,352,16,25.6666,1,48,1900-01-00,UK,0,3,1900-01-00,1900-01-00,Low Risk,3,7,55
10299,RICAR,Ricardo Adocicados,349.5,35,9.65,2,4.7,1900-01-00,Brazil,1,11,1900-01-00,1900-01-00,High Risk,2,7.3,12
10771,ERNSH,Ernst Handel,344,16,21.5,8,0,1900-01-00,Austria,2,30,1900-01-00,1900-01-00,High Risk,0,21.5,21.5
11049,GOURL,Gourmet Lanchonetes,342,14,28.5,8,19,1900-01-00,Brazil,2,9,1900-01-00,1900-01-00,Medium Risk,2,19,38
10426,GALED,Galería del gastrónomo,338.2,12,28.5,2,3.8,1900-01-00,Spain,0,5,1900-01-00,1900-01-00,Low Risk,2,26.6,30.4
10375,HUNGC,Hungry Coyote Import Store,338,25,12.25,1,12.7,1900-01-00,USA,0,5,1900-01-00,1900-01-00,Low Risk,2,5.9,18.6
10873,WILMK,Wilman Kala,336.8,23,27.8,4,35.6,1900-01-00,Finland,0,7,1900-01-00,1900-01-00,Medium Risk,2,10,45.6
10310,THEBI,The Big Cheese,336,15,26.65,1,25.5,1900-01-00,USA,0,4,1900-01-00,1900-01-00,Low Risk,2,13.9,39.4
10743,AROUT,Around the Horn,336,28,12,7,0,1900-01-00,UK,0,13,1900-01-00,1900-01-00,High Risk,0,12,12
10652,GOURL,Gourmet Lanchonetes,331.78,22,19.945,2,11.89,1900-01-00,Brazil,1,9,1900-01-00,1900-01-00,Medium Risk,2,14,25.89
10702,ALFKI,Alfreds Futterkiste,330,21,14,3,8,1900-01-00,Germany,0,6,1900-01-00,1900-01-00,Medium Risk,2,10,18
10582,BLAUS,Blauer See Delikatessen,330,18,18.75,3,1.5,1900-01-00,Germany,0,7,1900-01-00,1900-01-00,Medium Risk,2,18,19.5
11003,THECR,The Cracker Box,326,24,14.4666,3,11.4,1900-01-00,USA,0,3,1900-01-00,1900-01-00,Low Risk,3,7,18.4
10759,ANATR,Ana Trujillo Emparedados y helados,320,10,32,3,0,1900-01-00,Mexico,0,4,1900-01-00,1900-01-00,Medium Risk,0,32,32
10409,OCEAN,Océano Atlántico Ltda.,319.2,24,13.3,1,10.6,1900-01-00,Argentina,0,5,1900-01-00,1900-01-00,Medium Risk,2,8,18.6
10579,LETSS,Let's Stop N Shop,317.75,31,11.625,1,7.75,1900-01-00,USA,0,4,1900-01-00,1900-01-00,Medium Risk,2,7.75,15.5
10336,PRINI,Princesa Isabel Vinhos,316.8,18,17.6,1,0,1900-01-00,Portugal,0,5,1900-01-00,1900-01-00,Medium Risk,0,17.6,17.6
10770,HANAR,Hanari Carnes,315,15,21,6,0,1900-01-00,Brazil,1,14,1900-01-00,1900-01-00,High Risk,0,21,21
10874,GODOS,Godos Cocina Típica,310,10,31,5,0,1900-01-00,Spain,0,10,1900-01-00,1900-01-00,High Risk,0,31,31
10980,FOLKO,Folk och fä HB,310,40,7.75,8,0,1900-01-00,Sweden,2,19,1900-01-00,1900-01-00,High Risk,0,7.75,7.75
10275,MAGAA,Magazzini Alimentari Riuniti,307.2,18,23.8,1,40.4,1900-01-00,Italy,0,10,1900-01-00,1900-01-00,Medium Risk,2,3.6,44
10491,FURIB,Furia Bacalhau e Frutos do Mar,305.3,22,12.95,4,5.1,1900-01-00,Portugal,0,8,1900-01-00,1900-01-00,Medium Risk,2,10.4,15.5
11054,CACTU,Cactus Comidas para llevar,305,30,8.25,6,11.5,1900-01-00,Argentina,0,6,1900-01-00,1900-01-00,Medium Risk,2,2.5,14
11073,PERIC,Pericles Comidas clásicas,300,30,12.75,6,16.5,1900-01-00,Mexico,0,6,1900-01-00,1900-01-00,Medium Risk,2,4.5,21
11025,WARTH,Wartian Herkku,300,30,12,8,12,1900-01-00,Finland,2,15,1900-01-00,1900-01-00,High Risk,2,6,18
11004,MAISD,Maison Dewey,295.38,12,24.615,7,13.23,1900-01-00,Belgium,0,7,1900-01-00,1900-01-00,High Risk,2,18,31.23
10973,LACOR,La corne d'abondance,291.55,21,16.21,4,23.48,1900-01-00,France,0,4,1900-01-00,1900-01-00,Medium Risk,3,7.75,31.23
10317,LONEP,Lonesome Pine Restaurant,288,20,14.4,2,0,1900-01-00,USA,0,8,1900-01-00,1900-01-00,Medium Risk,0,14.4,14.4
10725,FAMIA,Familia Arquibaldo,287.8,22,13.55,7,17,1900-01-00,Brazil,1,7,1900-01-00,1900-01-00,Medium Risk,3,7,24
10741,AROUT,Around the Horn,285,15,19,6,0,1900-01-00,UK,0,13,1900-01-00,1900-01-00,High Risk,0,19,19
10864,AROUT,Around the Horn,282,19,16,8,4,1900-01-00,UK,2,13,1900-01-00,1900-01-00,High Risk,2,14,18
10970,BOLID,Bólido Comidas preparadas,280,40,7,3,0,1900-01-00,Spain,0,3,1900-01-00,1900-01-00,Low Risk,0,7,7
10777,GOURL,Gourmet Lanchonetes,280,20,14,6,0,1900-01-00,Brazil,1,9,1900-01-00,1900-01-00,Medium Risk,0,14,14
10495,LAUGB,Laughing Bacchus Wine Cellars,278,35,8.4333,1,3.2,1900-01-00,Canada,0,3,1900-01-00,1900-01-00,Low Risk,3,7.2,10.4
10960,HILAA,HILARION-Abastos,276.6,34,7.075,8,5.15,1900-01-00,Venezuela,2,18,1900-01-00,1900-01-00,High Risk,2,4.5,9.65
10548,TOMSP,Toms Spezialitäten,275.1,24,11.825,4,4.35,1900-01-00,Germany,0,6,1900-01-00,1900-01-00,Medium Risk,2,9.65,14
10446,TOMSP,Toms Spezialitäten,273.6,50,6.625,3,6.4,1900-01-00,Germany,0,6,1900-01-00,1900-01-00,Medium Risk,4,3.6,10
11014,LINOD,LINO-Delicateses,270.2,28,9.65,8,0,1900-01-00,Venezuela,2,12,1900-01-00,1900-01-00,High Risk,0,9.65,9.65
10311,DUMON,Du monde entier,268.8,13,20,1,17.6,1900-01-00,France,0,4,1900-01-00,1900-01-00,Low Risk,2,11.2,28.8
11060,FRANS,Franchi S.p.A.,266,14,23.5,6,21,1900-01-00,Italy,0,6,1900-01-00,1900-01-00,Medium Risk,2,13,34
10840,LINOD,LINO-Delicateses,264,16,16,8,4,1900-01-00,Venezuela,2,12,1900-01-00,1900-01-00,High Risk,2,14,18
10604,FURIB,Furia Bacalhau e Frutos do Mar,256.5,16,15.375,6,5.25,1900-01-00,Portugal,0,8,1900-01-00,1900-01-00,Medium Risk,2,12.75,18
11065,LILAS,LILA-Supermercado,252.56,24,16.67,8,18.44,1900-01-00,Venezuela,2,14,1900-01-00,1900-01-00,High Risk,2,7.45,25.89
10752,NORTS,North/South,252,11,27,2,18,1900-01-00,UK,0,3,1900-01-00,1900-01-00,Low Risk,2,18,36
10972,LACOR,La corne d'abondance,251.5,13,20.75,3,36.5,1900-01-00,France,0,4,1900-01-00,1900-01-00,Medium Risk,2,2.5,39
10824,FOLKO,Folk och fä HB,250.8,21,12.325,8,5.35,1900-01-00,Sweden,2,19,1900-01-00,1900-01-00,High Risk,2,9.65,15
10945,MORGK,Morgenstern Gesundkost,245,30,9.25,5,6.5,1900-01-00,Germany,0,5,1900-01-00,1900-01-00,Medium Risk,2,6,12.5
11074,SIMOB,Simons bistro,244.3,14,17.45,7,0,1900-01-00,Denmark,0,7,1900-01-00,1900-01-00,High Risk,0,17.45,17.45
10318,ISLAT,Island Trading,240.4,26,11.05,2,6.7,1900-01-00,UK,0,10,1900-01-00,1900-01-00,Medium Risk,2,7.7,14.4
10508,OTTIK,Ottilies Käseladen,240,20,12,3,12,1900-01-00,Germany,0,10,1900-01-00,1900-01-00,High Risk,2,6,18
10739,VINET,Vins et alcools Chevalier,240,24,13,5,12,1900-01-00,France,0,5,1900-01-00,1900-01-00,Medium Risk,2,7,19
10822,TRAIH,Trail's Head Gourmet Provisioners,237.9,9,32.15,3,34.3,1900-01-00,USA,0,3,1900-01-00,1900-01-00,Low Risk,2,15,49.3
10467,MAGAA,Magazzini Alimentari Riuniti,235.2,40,7.4,4,7.6,1900-01-00,Italy,0,10,1900-01-00,1900-01-00,Medium Risk,2,3.6,11.2
10460,FOLKO,Folk och fä HB,234.8,25,8.1,5,3.8,1900-01-00,Sweden,0,19,1900-01-00,1900-01-00,High Risk,2,6.2,10
10414,FAMIA,Familia Arquibaldo,231.4,68,4.65,3,5.3,1900-01-00,Brazil,1,7,1900-01-00,1900-01-00,Medium Risk,2,2,7.3
10473,ISLAT,Island Trading,230.4,24,9.6,4,15.2,1900-01-00,UK,0,10,1900-01-00,1900-01-00,Medium Risk,2,2,17.2
10775,THECR,The Cracker Box,228,9,22.5,2,17,1900-01-00,USA,0,3,1900-01-00,1900-01-00,Low Risk,2,14,31
10521,CACTU,Cactus Comidas para llevar,225.5,19,13.3833,1,8.35,1900-01-00,Argentina,0,6,1900-01-00,1900-01-00,Medium Risk,3,9.65,18
10947,BSBEV,B's Beverages,220,4,55,8,0,1900-01-00,UK,2,10,1900-01-00,1900-01-00,Medium Risk,0,55,55
10466,COMMI,Comércio Mineiro,216,15,13.2,2,7.2,1900-01-00,Brazil,1,5,1900-01-00,1900-01-00,Medium Risk,2,9.6,16.8
10843,VICTE,Victuailles en stock,212,4,53,8,0,1900-01-00,France,2,10,1900-01-00,1900-01-00,Medium Risk,0,53,53
11043,SPECD,Spécialités du monde,210,10,21,4,0,1900-01-00,France,0,4,1900-01-00,1900-01-00,Low Risk,0,21,21
10545,LAZYK,Lazy K Kountry Store,210,10,21,2,0,1900-01-00,USA,0,2,1900-01-00,1900-01-00,Low Risk,0,21,21
11040,GREAL,Great Lakes Food Market,200,20,10,8,0,1900-01-00,USA,2,11,1900-01-00,1900-01-00,High Risk,0,10,10
10520,SANTG,Santé Gourmet,200,13,18.65,2,28.3,1900-01-00,Norway,0,6,1900-01-00,1900-01-00,Medium Risk,2,4.5,32.8
10496,TRADH,Tradição Hipermercados,200,20,10,2,0,1900-01-00,Brazil,1,6,1900-01-00,1900-01-00,Medium Risk,0,10,10
10655,REGGC,Reggiani Caseifici,193,20,9.65,6,0,1900-01-00,Italy,0,12,1900-01-00,1900-01-00,Medium Risk,0,9.65,9.65
10428,REGGC,Reggiani Caseifici,192,20,9.6,2,0,1900-01-00,Italy,0,12,1900-01-00,1900-01-00,Medium Risk,0,9.6,9.6
10793,AROUT,Around the Horn,191.1,22,8.325,8,2.65,1900-01-00,UK,2,13,1900-01-00,1900-01-00,High Risk,2,7,9.65
10810,LAUGB,Laughing Bacchus Wine Cellars,187,17,11.6666,3,9,1900-01-00,Canada,0,3,1900-01-00,1900-01-00,Low Risk,3,6,15
10476,HILAA,HILARION-Abastos,182.4,14,15.6,3,7.2,1900-01-00,Venezuela,0,18,1900-01-00,1900-01-00,High Risk,2,12,19.2
10313,QUICK,QUICK-Stop,182.4,12,15.2,4,0,1900-01-00,Germany,0,28,1900-01-00,1900-01-00,High Risk,0,15.2,15.2
10708,THEBI,The Big Cheese,180.4,9,20.175,2,2.35,1900-01-00,USA,0,4,1900-01-00,1900-01-00,Low Risk,2,19,21.35
10445,BERGS,Berglunds snabbköp,174.9,21,10.15,5,8.5,1900-01-00,Sweden,0,18,1900-01-00,1900-01-00,High Risk,2,5.9,14.4
10386,FAMIA,Familia Arquibaldo,166,25,7.4,2,7.6,1900-01-00,Brazil,1,7,1900-01-00,1900-01-00,Medium Risk,2,3.6,11.2
10323,KOENE,Königlich Essen,164.4,13,12.6666,1,3.2,1900-01-00,Germany,0,14,1900-01-00,1900-01-00,High Risk,3,11.2,14.4
10870,WOLZA,Wolski  Zajazd,160,5,35.5,4,35,1900-01-00,Poland,0,7,1900-01-00,1900-01-00,Medium Risk,2,18,53
10462,CONSH,Consolidated Holdings,156,22,6,2,2.4,1900-01-00,UK,0,3,1900-01-00,1900-01-00,Low Risk,2,4.8,7.2
10282,ROMEY,Romero y tomillo,155.4,8,18.15,2,5.1,1900-01-00,Spain,0,5,1900-01-00,1900-01-00,Medium Risk,2,15.6,20.7
10959,GOURL,Gourmet Lanchonetes,155,20,7.75,8,0,1900-01-00,Brazil,2,9,1900-01-00,1900-01-00,Medium Risk,0,7.75,7.75
10568,GALED,Galería del gastrónomo,155,5,31,3,0,1900-01-00,Spain,0,5,1900-01-00,1900-01-00,Low Risk,0,31,31
10352,FURIB,Furia Bacalhau e Frutos do Mar,154,30,4.75,2,2.3,1900-01-00,Portugal,0,8,1900-01-00,1900-01-00,Medium Risk,2,3.6,5.9
10881,CACTU,Cactus Comidas para llevar,150,10,15,4,0,1900-01-00,Argentina,0,6,1900-01-00,1900-01-00,Medium Risk,0,15,15
10501,BLAUS,Blauer See Delikatessen,149,20,7.45,1,0,1900-01-00,Germany,0,7,1900-01-00,1900-01-00,Medium Risk,0,7.45,7.45
10505,MEREP,Mère Paillarde,147.9,3,49.3,6,0,1900-01-00,Canada,0,13,1900-01-00,1900-01-00,High Risk,0,49.3,49.3
10482,LAZYK,Lazy K Kountry Store,147,10,14.7,1,0,1900-01-00,USA,0,2,1900-01-00,1900-01-00,Low Risk,0,14.7,14.7
10334,VICTE,Victuailles en stock,144.8,18,7.8,2,4.4,1900-01-00,France,0,10,1900-01-00,1900-01-00,Medium Risk,2,5.6,10
10899,LILAS,LILA-Supermercado,144,8,18,8,0,1900-01-00,Venezuela,2,14,1900-01-00,1900-01-00,High Risk,0,18,18
10321,ISLAT,Island Trading,144,10,14.4,3,0,1900-01-00,UK,0,10,1900-01-00,1900-01-00,Medium Risk,0,14.4,14.4
10585,WELLI,Wellington Importadora,142.5,15,9.5,3,0,1900-01-00,Brazil,1,9,1900-01-00,1900-01-00,Medium Risk,0,9.5,9.5
10349,SPLIR,Split Rail Beer & Ale,141.6,24,5.9,3,0,1900-01-00,USA,0,9,1900-01-00,1900-01-00,High Risk,0,5.9,5.9
10809,WELLI,Wellington Importadora,140,20,7,6,0,1900-01-00,Brazil,1,9,1900-01-00,1900-01-00,Medium Risk,0,7,7
10737,VINET,Vins et alcools Chevalier,139.8,16,7.825,4,3.65,1900-01-00,France,0,5,1900-01-00,1900-01-00,Medium Risk,2,6,9.65
10538,BSBEV,B's Beverages,139.8,8,24.9,4,19.8,1900-01-00,UK,0,10,1900-01-00,1900-01-00,Medium Risk,2,15,34.8
10928,GALED,Galería del gastrónomo,137.5,10,13.75,5,8.5,1900-01-00,Spain,0,5,1900-01-00,1900-01-00,Low Risk,2,9.5,18
10509,BLAUS,Blauer See Delikatessen,136.8,3,45.6,2,0,1900-01-00,Germany,0,7,1900-01-00,1900-01-00,Medium Risk,0,45.6,45.6
10366,GALED,Galería del gastrónomo,136,10,13.6,1,6.4,1900-01-00,Spain,0,5,1900-01-00,1900-01-00,Low Risk,2,10.4,16.8
10662,LONEP,Lonesome Pine Restaurant,125,10,12.5,4,0,1900-01-00,USA,0,8,1900-01-00,1900-01-00,Medium Risk,0,12.5,12.5
10295,VINET,Vins et alcools Chevalier,121.6,4,30.4,3,0,1900-01-00,France,0,5,1900-01-00,1900-01-00,Medium Risk,0,30.4,30.4
10615,WILMK,Wilman Kala,120,5,24,1,0,1900-01-00,Finland,0,7,1900-01-00,1900-01-00,Medium Risk,0,24,24
10699,MORGK,Morgenstern Gesundkost,114,12,9.5,3,0,1900-01-00,Germany,0,5,1900-01-00,1900-01-00,Medium Risk,0,9.5,9.5
10322,PERIC,Pericles Comidas clásicas,112,20,5.6,1,0,1900-01-00,Mexico,0,6,1900-01-00,1900-01-00,Medium Risk,0,5.6,5.6
10381,LILAS,LILA-Supermercado,112,14,8,5,0,1900-01-00,Venezuela,0,14,1900-01-00,1900-01-00,High Risk,0,8,8
10531,OCEAN,Océano Atlántico Ltda.,110,2,55,2,0,1900-01-00,Argentina,0,5,1900-01-00,1900-01-00,Medium Risk,0,55,55
10950,MAGAA,Magazzini Alimentari Riuniti,110,5,22,8,0,1900-01-00,Italy,2,10,1900-01-00,1900-01-00,Medium Risk,0,22,22
10907,SPECD,Spécialités du monde,108.5,14,7.75,2,0,1900-01-00,France,0,4,1900-01-00,1900-01-00,Low Risk,0,7.75,7.75
10969,COMMI,Comércio Mineiro,108,9,12,4,0,1900-01-00,Brazil,1,5,1900-01-00,1900-01-00,Medium Risk,0,12,12
10378,FOLKO,Folk och fä HB,103.2,6,17.2,3,0,1900-01-00,Sweden,0,19,1900-01-00,1900-01-00,High Risk,0,17.2,17.2
10415,HUNGC,Hungry Coyote Import Store,102.4,22,16.6,3,29.2,1900-01-00,USA,0,5,1900-01-00,1900-01-00,Low Risk,2,2,31.2
10259,CENTC,Centro comercial Moctezuma,100.8,11,14.4,1,12.8,1900-01-00,Mexico,0,0,1900-01-00,1900-01-00,Low Risk,2,8,20.8
10867,LONEP,Lonesome Pine Restaurant,98.4,3,32.8,6,0,1900-01-00,USA,0,8,1900-01-00,1900-01-00,Medium Risk,0,32.8,32.8
10778,BERGS,Berglunds snabbköp,96.5,10,9.65,8,0,1900-01-00,Sweden,2,18,1900-01-00,1900-01-00,High Risk,0,9.65,9.65
10710,FRANS,Franchi S.p.A.,93.5,10,9.35,2,0.3,1900-01-00,Italy,0,6,1900-01-00,1900-01-00,Medium Risk,2,9.2,9.5
10955,FOLKO,Folk och fä HB,93,12,7.75,8,0,1900-01-00,Sweden,2,19,1900-01-00,1900-01-00,High Risk,0,7.75,7.75
10371,LAMAI,La maison d'Asie,91.2,6,15.2,3,0,1900-01-00,France,0,14,1900-01-00,1900-01-00,High Risk,0,15.2,15.2
10288,REGGC,Reggiani Caseifici,89,13,7.95,1,4.1,1900-01-00,Italy,0,12,1900-01-00,1900-01-00,Medium Risk,2,5.9,10
10308,ANATR,Ana Trujillo Emparedados y helados,88.8,6,20.4,1,16.8,1900-01-00,Mexico,0,4,1900-01-00,1900-01-00,Medium Risk,2,12,28.8
10331,BONAP,Bon app',88.5,15,5.9,1,0,1900-01-00,France,0,17,1900-01-00,1900-01-00,High Risk,0,5.9,5.9
10753,FRANS,Franchi S.p.A.,88,9,9.75,3,0.5,1900-01-00,Italy,0,6,1900-01-00,1900-01-00,Medium Risk,2,9.5,10
11067,DRACD,Drachenblut Delikatessen,86.85,9,9.65,6,0,1900-01-00,Germany,0,6,1900-01-00,1900-01-00,Medium Risk,0,9.65,9.65
10281,ROMEY,Romero y tomillo,86.5,11,8.4333,1,10.8,1900-01-00,Spain,0,5,1900-01-00,1900-01-00,Medium Risk,3,3.6,14.4
10391,DRACD,Drachenblut Delikatessen,86.4,18,4.8,2,0,1900-01-00,Germany,0,6,1900-01-00,1900-01-00,Medium Risk,0,4.8,4.8
11019,RANCH,Rancho grande,76,5,16,5,8,1900-01-00,Argentina,0,5,1900-01-00,1900-01-00,Medium Risk,2,12,20
10589,GREAL,Great Lakes Food Market,72,4,18,2,0,1900-01-00,USA,0,11,1900-01-00,1900-01-00,High Risk,0,18,18
10887,GALED,Galería del gastrónomo,70,5,14,4,0,1900-01-00,Spain,0,5,1900-01-00,1900-01-00,Low Risk,0,14,14
10992,THEBI,The Big Cheese,69.6,2,34.8,4,0,1900-01-00,USA,0,4,1900-01-00,1900-01-00,Low Risk,0,34.8,34.8
10963,FURIB,Furia Bacalhau e Frutos do Mar,68,2,34,8,0,1900-01-00,Portugal,2,8,1900-01-00,1900-01-00,Medium Risk,0,34,34
10602,VAFFE,Vaffeljernet,65,5,13,5,0,1900-01-00,Denmark,0,11,1900-01-00,1900-01-00,High Risk,0,13,13
10683,DUMON,Du monde entier,63,9,7,3,0,1900-01-00,France,0,4,1900-01-00,1900-01-00,Low Risk,0,7,7
10631,LAMAI,La maison d'Asie,62,8,7.75,8,0,1900-01-00,France,2,14,1900-01-00,1900-01-00,High Risk,0,7.75,7.75
11037,GODOS,Godos Cocina Típica,60,4,15,8,0,1900-01-00,Spain,2,10,1900-01-00,1900-01-00,High Risk,0,15,15
10620,LAUGB,Laughing Bacchus Wine Cellars,57.5,10,5.75,2,2.5,1900-01-00,Canada,0,3,1900-01-00,1900-01-00,Low Risk,2,4.5,7
10754,MAGAA,Magazzini Alimentari Riuniti,55.2,3,18.4,6,0,1900-01-00,Italy,0,10,1900-01-00,1900-01-00,Medium Risk,0,18.4,18.4
10738,SPECD,Spécialités du monde,52.35,3,17.45,1,0,1900-01-00,France,0,4,1900-01-00,1900-01-00,Low Risk,0,17.45,17.45
10422,FRANS,Franchi S.p.A.,49.8,2,24.9,1,0,1900-01-00,Italy,0,6,1900-01-00,1900-01-00,Medium Risk,0,24.9,24.9
10271,SPLIR,Split Rail Beer & Ale,48,24,2,1,0,1900-01-00,USA,0,9,1900-01-00,1900-01-00,High Risk,0,2,2
10900,WELLI,Wellington Importadora,45,3,15,7,0,1900-01-00,Brazil,1,9,1900-01-00,1900-01-00,Medium Risk,0,15,15
11057,NORTS,North/South,45,3,15,3,0,1900-01-00,UK,0,3,1900-01-00,1900-01-00,Low Risk,0,15,15
11051,LAMAI,La maison d'Asie,45,10,4.5,8,0,1900-01-00,France,2,14,1900-01-00,1900-01-00,High Risk,0,4.5,4.5
10674,ISLAT,Island Trading,45,5,9,6,0,1900-01-00,UK,0,10,1900-01-00,1900-01-00,Medium Risk,0,9,9
10815,SAVEA,Save-a-lot Markets,40,16,2.5,8,0,1900-01-00,USA,2,31,1900-01-00,1900-01-00,High Risk,0,2.5,2.5
10883,LONEP,Lonesome Pine Restaurant,36,8,4.5,7,0,1900-01-00,USA,0,8,1900-01-00,1900-01-00,Medium Risk,0,4.5,4.5
10898,OCEAN,Océano Atlántico Ltda.,30,5,6,3,0,1900-01-00,Argentina,0,5,1900-01-00,1900-01-00,Medium Risk,0,6,6
10767,SUPRD,Suprêmes délices,28,2,14,6,0,1900-01-00,Belgium,0,12,1900-01-00,1900-01-00,High Risk,0,14,14
10586,REGGC,Reggiani Caseifici,28,4,7,5,0,1900-01-00,Italy,0,12,1900-01-00,1900-01-00,Medium Risk,0,7,7
10807,FRANS,Franchi S.p.A.,18.4,1,18.4,4,0,1900-01-00,Italy,0,6,1900-01-00,1900-01-00,Medium Risk,0,18.4,18.4
10782,CACTU,Cactus Comidas para llevar,12.5,1,12.5,2,0,1900-01-00,Argentina,0,6,1900-01-00,1900-01-00,Medium Risk,0,12.5,12.5
